-- Adminer 5.4.2 PostgreSQL 15.16 dump

DROP TABLE IF EXISTS "alembic_version";
CREATE TABLE "public"."alembic_version" (
    "version_num" character varying(32) NOT NULL,
    CONSTRAINT "alembic_version_pkc" PRIMARY KEY ("version_num")
)
WITH (oids = false);

INSERT INTO "alembic_version" ("version_num") VALUES
('69cdf694c9df');

DROP TABLE IF EXISTS "core_businesses";
DROP SEQUENCE IF EXISTS "public".core_businesses_id_seq;
CREATE SEQUENCE "public".core_businesses_id_seq INCREMENT 1 MINVALUE 1 MAXVALUE 2147483647 CACHE 1;

CREATE TABLE "public"."core_businesses" (
    "id" integer DEFAULT nextval('core_businesses_id_seq') NOT NULL,
    "client_id" integer NOT NULL,
    "name" character varying(255) NOT NULL,
    "ownership_type" character varying(100) NOT NULL,
    "nature_of_business" character varying(255) NOT NULL,
    "address" text NOT NULL,
    "pincode" character varying(20) NOT NULL,
    "visiting_card" character varying(100),
    "annual_turnover" numeric(12,2),
    "business_start_date" date,
    "registration_number" character varying(100),
    CONSTRAINT "core_businesses_pkey" PRIMARY KEY ("id")
)
WITH (oids = false);

CREATE UNIQUE INDEX core_businesses_client_id_key ON public.core_businesses USING btree (client_id);

CREATE INDEX ix_core_businesses_pincode ON public.core_businesses USING btree (pincode);

CREATE INDEX ix_core_businesses_id ON public.core_businesses USING btree (id);

CREATE INDEX ix_core_businesses_name ON public.core_businesses USING btree (name);

INSERT INTO "core_businesses" ("id", "client_id", "name", "ownership_type", "nature_of_business", "address", "pincode", "visiting_card", "annual_turnover", "business_start_date", "registration_number") VALUES
(2,	39,	'Priya''s Boutique',	'Sole Proprietorship',	'Retail',	'45, MG Road, Bangalore',	'560001',	NULL,	1500000.00,	'2018-01-15',	NULL),
(3,	43,	'Business 2 Ltd',	'Sole Proprietorship',	'Retail',	'Street 2, City 3, State',	'600001',	NULL,	4618349.00,	'2010-01-01',	NULL),
(4,	45,	'Business 4 Ltd',	'Sole Proprietorship',	'Retail',	'Street 4, City 5, State',	'600001',	NULL,	4044214.00,	'2010-01-01',	NULL),
(5,	47,	'Business 6 Ltd',	'Sole Proprietorship',	'Retail',	'Street 6, City 4, State',	'600001',	NULL,	2500622.00,	'2010-01-01',	NULL),
(6,	49,	'Business 8 Ltd',	'Sole Proprietorship',	'Retail',	'Street 8, City 1, State',	'600001',	NULL,	4231235.00,	'2010-01-01',	NULL),
(7,	51,	'Business 10 Ltd',	'Sole Proprietorship',	'Retail',	'Street 10, City 5, State',	'600001',	NULL,	2908559.00,	'2010-01-01',	NULL),
(8,	53,	'Business 12 Ltd',	'Sole Proprietorship',	'Retail',	'Street 12, City 4, State',	'600001',	NULL,	1673035.00,	'2010-01-01',	NULL),
(9,	55,	'Business 14 Ltd',	'Sole Proprietorship',	'Retail',	'Street 14, City 3, State',	'600001',	NULL,	2046026.00,	'2010-01-01',	NULL),
(10,	57,	'Business 16 Ltd',	'Sole Proprietorship',	'Retail',	'Street 16, City 3, State',	'600001',	NULL,	2799634.00,	'2010-01-01',	NULL),
(11,	59,	'Business 18 Ltd',	'Sole Proprietorship',	'Retail',	'Street 18, City 1, State',	'600001',	NULL,	3878215.00,	'2010-01-01',	NULL),
(12,	61,	'Business 20 Ltd',	'Sole Proprietorship',	'Retail',	'Street 20, City 4, State',	'600001',	NULL,	2582969.00,	'2010-01-01',	NULL),
(13,	63,	'Business 22 Ltd',	'Sole Proprietorship',	'Retail',	'Street 22, City 3, State',	'600001',	NULL,	4913834.00,	'2010-01-01',	NULL),
(14,	65,	'Business 24 Ltd',	'Sole Proprietorship',	'Retail',	'Street 24, City 4, State',	'600001',	NULL,	1086521.00,	'2010-01-01',	NULL),
(15,	67,	'Business 26 Ltd',	'Sole Proprietorship',	'Retail',	'Street 26, City 3, State',	'600001',	NULL,	532010.00,	'2010-01-01',	NULL),
(16,	69,	'Business 28 Ltd',	'Sole Proprietorship',	'Retail',	'Street 28, City 2, State',	'600001',	NULL,	2889207.00,	'2010-01-01',	NULL),
(17,	71,	'Business 30 Ltd',	'Sole Proprietorship',	'Retail',	'Street 30, City 2, State',	'600001',	NULL,	1069387.00,	'2010-01-01',	NULL);

DROP TABLE IF EXISTS "core_client_kyc";
DROP SEQUENCE IF EXISTS "public".core_client_kyc_id_seq;
CREATE SEQUENCE "public".core_client_kyc_id_seq INCREMENT 1 MINVALUE 1 MAXVALUE 2147483647 CACHE 1;

CREATE TABLE "public"."core_client_kyc" (
    "id" integer DEFAULT nextval('core_client_kyc_id_seq') NOT NULL,
    "client_id" integer NOT NULL,
    "aadhar_client" character varying(100),
    "aadhar_spouse" character varying(100),
    "pan_client" character varying(100),
    "pan_spouse" character varying(100),
    "eb_bill" character varying(100),
    "photo" character varying(100),
    "kyc_status" character varying(50) NOT NULL,
    CONSTRAINT "core_client_kyc_pkey" PRIMARY KEY ("id")
)
WITH (oids = false);

CREATE UNIQUE INDEX core_client_kyc_client_id_key ON public.core_client_kyc USING btree (client_id);

CREATE INDEX ix_core_client_kyc_id ON public.core_client_kyc USING btree (id);

CREATE INDEX ix_core_client_kyc_kyc_status ON public.core_client_kyc USING btree (kyc_status);

INSERT INTO "core_client_kyc" ("id", "client_id", "aadhar_client", "aadhar_spouse", "pan_client", "pan_spouse", "eb_bill", "photo", "kyc_status") VALUES
(5,	38,	NULL,	NULL,	NULL,	NULL,	NULL,	NULL,	'Completed'),
(6,	39,	NULL,	NULL,	NULL,	NULL,	NULL,	NULL,	'Completed'),
(7,	40,	NULL,	NULL,	NULL,	NULL,	NULL,	NULL,	'Pending'),
(8,	41,	NULL,	NULL,	NULL,	NULL,	NULL,	NULL,	'Completed'),
(9,	42,	NULL,	NULL,	NULL,	NULL,	NULL,	NULL,	'Completed'),
(10,	43,	NULL,	NULL,	NULL,	NULL,	NULL,	NULL,	'Completed'),
(11,	44,	NULL,	NULL,	NULL,	NULL,	NULL,	NULL,	'Completed'),
(12,	45,	NULL,	NULL,	NULL,	NULL,	NULL,	NULL,	'Completed'),
(13,	46,	NULL,	NULL,	NULL,	NULL,	NULL,	NULL,	'Completed'),
(14,	47,	NULL,	NULL,	NULL,	NULL,	NULL,	NULL,	'Completed'),
(15,	48,	NULL,	NULL,	NULL,	NULL,	NULL,	NULL,	'Completed'),
(16,	49,	NULL,	NULL,	NULL,	NULL,	NULL,	NULL,	'Completed'),
(17,	50,	NULL,	NULL,	NULL,	NULL,	NULL,	NULL,	'Completed'),
(18,	51,	NULL,	NULL,	NULL,	NULL,	NULL,	NULL,	'Completed'),
(19,	52,	NULL,	NULL,	NULL,	NULL,	NULL,	NULL,	'Completed'),
(20,	53,	NULL,	NULL,	NULL,	NULL,	NULL,	NULL,	'Completed'),
(21,	54,	NULL,	NULL,	NULL,	NULL,	NULL,	NULL,	'Completed'),
(22,	55,	NULL,	NULL,	NULL,	NULL,	NULL,	NULL,	'Completed'),
(23,	56,	NULL,	NULL,	NULL,	NULL,	NULL,	NULL,	'Completed'),
(24,	57,	NULL,	NULL,	NULL,	NULL,	NULL,	NULL,	'Completed'),
(25,	58,	NULL,	NULL,	NULL,	NULL,	NULL,	NULL,	'Completed'),
(26,	59,	NULL,	NULL,	NULL,	NULL,	NULL,	NULL,	'Completed'),
(27,	60,	NULL,	NULL,	NULL,	NULL,	NULL,	NULL,	'Completed'),
(28,	61,	NULL,	NULL,	NULL,	NULL,	NULL,	NULL,	'Completed'),
(29,	62,	NULL,	NULL,	NULL,	NULL,	NULL,	NULL,	'Completed'),
(30,	63,	NULL,	NULL,	NULL,	NULL,	NULL,	NULL,	'Completed'),
(31,	64,	NULL,	NULL,	NULL,	NULL,	NULL,	NULL,	'Completed'),
(32,	65,	NULL,	NULL,	NULL,	NULL,	NULL,	NULL,	'Completed'),
(33,	66,	NULL,	NULL,	NULL,	NULL,	NULL,	NULL,	'Completed'),
(34,	67,	NULL,	NULL,	NULL,	NULL,	NULL,	NULL,	'Completed'),
(35,	68,	NULL,	NULL,	NULL,	NULL,	NULL,	NULL,	'Completed'),
(36,	69,	NULL,	NULL,	NULL,	NULL,	NULL,	NULL,	'Completed'),
(37,	70,	NULL,	NULL,	NULL,	NULL,	NULL,	NULL,	'Completed'),
(38,	71,	NULL,	NULL,	NULL,	NULL,	NULL,	NULL,	'Completed');

DROP TABLE IF EXISTS "core_clients";
DROP SEQUENCE IF EXISTS "public".core_clients_id_seq;
CREATE SEQUENCE "public".core_clients_id_seq INCREMENT 1 MINVALUE 1 MAXVALUE 2147483647 CACHE 1;

CREATE TABLE "public"."core_clients" (
    "id" integer DEFAULT nextval('core_clients_id_seq') NOT NULL,
    "uuid" character varying(36) NOT NULL,
    "client_custom_id" character varying(20),
    "user_id" integer,
    "full_name" character varying(255) NOT NULL,
    "mobile_number" character varying(15) NOT NULL,
    "spouse_name" character varying(255),
    "marital_status" character varying(50),
    "dob" date,
    "resident_address" text,
    "permanent_address" text,
    "email" character varying(254),
    "gender" character varying(20),
    "profile_picture_url" character varying(512),
    "alternative_mobile_number" character varying(15),
    "occupation" character varying(100),
    "created_by_id" integer NOT NULL,
    "created_at" timestamp NOT NULL,
    "updated_at" timestamp NOT NULL,
    "status" character varying(20) NOT NULL,
    CONSTRAINT "core_clients_pkey" PRIMARY KEY ("id")
)
WITH (oids = false);

CREATE UNIQUE INDEX core_clients_user_id_key ON public.core_clients USING btree (user_id);

CREATE UNIQUE INDEX ix_core_clients_uuid ON public.core_clients USING btree (uuid);

CREATE INDEX ix_core_clients_full_name ON public.core_clients USING btree (full_name);

CREATE UNIQUE INDEX ix_core_clients_client_custom_id ON public.core_clients USING btree (client_custom_id);

CREATE INDEX ix_core_clients_id ON public.core_clients USING btree (id);

CREATE INDEX ix_core_clients_email ON public.core_clients USING btree (email);

CREATE UNIQUE INDEX ix_core_clients_mobile_number ON public.core_clients USING btree (mobile_number);

CREATE INDEX ix_core_clients_status ON public.core_clients USING btree (status);

INSERT INTO "core_clients" ("id", "uuid", "client_custom_id", "user_id", "full_name", "mobile_number", "spouse_name", "marital_status", "dob", "resident_address", "permanent_address", "email", "gender", "profile_picture_url", "alternative_mobile_number", "occupation", "created_by_id", "created_at", "updated_at", "status") VALUES
(38,	'd0ab7a36-c21c-4642-8f44-7fc3311a4cc2',	'CL-0038',	NULL,	'Ravi Kumar',	'9876543210',	NULL,	'Married',	'1985-05-10',	'123, Anna Salai, Chennai',	'123, Anna Salai, Chennai',	'ravi.kumar@example.com',	'Male',	NULL,	NULL,	'Software Engineer',	10,	'2026-03-11 19:04:19.903571',	'2026-03-11 19:04:19.905411',	'Active'),
(39,	'289e48eb-1084-4ac3-99e3-a80143542194',	'CL-0039',	NULL,	'Priya Sharma',	'9123456780',	NULL,	'Single',	'1992-11-22',	'45, MG Road, Bangalore',	'45, MG Road, Bangalore',	'priya.sharma@example.com',	'Female',	NULL,	NULL,	'Business Owner',	10,	'2026-03-11 19:04:19.905706',	'2026-03-11 19:04:19.907528',	'Active'),
(40,	'6bcd89b4-a58b-4a76-9e8c-f0d5dd70b86f',	'CL-0040',	NULL,	'Amit Patel',	'9988776655',	NULL,	'Married',	'1980-03-05',	'Flat 202, Sunrise Apts, Mumbai',	'Sector 5, Gandhinagar, Gujarat',	'amit.patel@example.com',	NULL,	NULL,	NULL,	NULL,	10,	'2026-03-11 19:04:19.907803',	'2026-03-11 19:04:19.90995',	'Draft'),
(41,	'6e51478a-9e1d-488b-ade3-a7be4fd62f8f',	'CL-0041',	NULL,	'Anjali Gupta',	'8877665544',	NULL,	'Married',	'1988-08-18',	'12, Ring Road, Delhi',	'12, Ring Road, Delhi',	NULL,	'Female',	NULL,	NULL,	'Teacher',	10,	'2026-03-11 19:04:19.910191',	'2026-03-11 19:04:19.910928',	'Active'),
(42,	'4800cb6a-b4a8-4fb1-acf0-a5ae80f52115',	'CL-0042',	22,	'Client User 1',	'9000000001',	NULL,	'Single',	'1985-04-26',	'Street 1, City 3, State',	'Street 1, City 4, State',	'client1@example.com',	'Other',	NULL,	NULL,	'Teacher',	12,	'2026-03-11 20:00:16.830131',	'2026-03-11 20:00:16.832466',	'Active'),
(43,	'b48b2a99-0a68-4495-8af3-18bc3f45cad0',	'CL-0043',	23,	'Client User 2',	'9000000002',	NULL,	'Single',	'1987-09-21',	'Street 2, City 3, State',	'Street 2, City 3, State',	'client2@example.com',	'Female',	NULL,	NULL,	'Doctor',	12,	'2026-03-11 20:00:16.832964',	'2026-03-11 20:00:16.835107',	'Active'),
(44,	'ae52a8d7-f722-44aa-ac85-2b9da55f4ddd',	'CL-0044',	24,	'Client User 3',	'9000000003',	NULL,	'Single',	'1972-02-27',	'Street 3, City 1, State',	'Street 3, City 5, State',	'client3@example.com',	'Female',	NULL,	NULL,	'Student',	12,	'2026-03-11 20:00:16.835358',	'2026-03-11 20:00:16.837317',	'Active'),
(45,	'63b4afae-930a-40d4-b53c-c91f60a7ff3c',	'CL-0045',	25,	'Client User 4',	'9000000004',	NULL,	'Single',	'1973-11-05',	'Street 4, City 5, State',	'Street 4, City 5, State',	'client4@example.com',	'Female',	NULL,	NULL,	'Engineer',	12,	'2026-03-11 20:00:16.837547',	'2026-03-11 20:00:16.838796',	'Active'),
(46,	'25411642-34c9-4096-887a-ed3ed7f17fee',	'CL-0046',	26,	'Client User 5',	'9000000005',	NULL,	'Married',	'1996-03-11',	'Street 5, City 2, State',	'Street 5, City 3, State',	'client5@example.com',	'Female',	NULL,	NULL,	'Business',	12,	'2026-03-11 20:00:16.839023',	'2026-03-11 20:00:16.84036',	'Active'),
(47,	'61555f07-409b-4100-b73e-8ede1b828d57',	'CL-0047',	27,	'Client User 6',	'9000000006',	NULL,	'Divorced',	'1982-12-21',	'Street 6, City 4, State',	'Street 6, City 4, State',	'client6@example.com',	'Female',	NULL,	NULL,	'Business',	12,	'2026-03-11 20:00:16.840616',	'2026-03-11 20:00:16.841772',	'Active'),
(48,	'52fe1160-dc12-4b7d-9923-7e0695c03594',	'CL-0048',	28,	'Client User 7',	'9000000007',	NULL,	'Married',	'1988-07-17',	'Street 7, City 5, State',	'Street 7, City 3, State',	'client7@example.com',	'Female',	NULL,	NULL,	'Engineer',	12,	'2026-03-11 20:00:16.841966',	'2026-03-11 20:00:16.843437',	'Active'),
(49,	'9ea1740e-ce16-4142-be98-77918033f565',	'CL-0049',	29,	'Client User 8',	'9000000008',	NULL,	'Single',	'1980-05-20',	'Street 8, City 1, State',	'Street 8, City 2, State',	'client8@example.com',	'Male',	NULL,	NULL,	'Teacher',	12,	'2026-03-11 20:00:16.843694',	'2026-03-11 20:00:16.845093',	'Active'),
(50,	'53078510-887b-4942-8ace-8762b13d6589',	'CL-0050',	30,	'Client User 9',	'9000000009',	NULL,	'Single',	'1981-02-13',	'Street 9, City 1, State',	'Street 9, City 2, State',	'client9@example.com',	'Female',	NULL,	NULL,	'Student',	12,	'2026-03-11 20:00:16.845332',	'2026-03-11 20:00:16.847182',	'Active'),
(51,	'04a16c39-a5a5-4d25-96ac-efc7ea66c451',	'CL-0051',	31,	'Client User 10',	'9000000010',	NULL,	'Married',	'1991-04-01',	'Street 10, City 5, State',	'Street 10, City 5, State',	'client10@example.com',	'Female',	NULL,	NULL,	'Teacher',	12,	'2026-03-11 20:00:16.847439',	'2026-03-11 20:00:16.84853',	'Active'),
(52,	'32556b59-0ed7-4229-bf00-fed87a905dea',	'CL-0052',	32,	'Client User 11',	'9000000011',	NULL,	'Divorced',	'1977-07-14',	'Street 11, City 3, State',	'Street 11, City 3, State',	'client11@example.com',	'Other',	NULL,	NULL,	'Teacher',	12,	'2026-03-11 20:00:16.848719',	'2026-03-11 20:00:16.850039',	'Active'),
(53,	'b26b8f3d-ff5f-4fe7-8045-69f2559a180a',	'CL-0053',	33,	'Client User 12',	'9000000012',	NULL,	'Divorced',	'1992-08-18',	'Street 12, City 4, State',	'Street 12, City 1, State',	'client12@example.com',	'Other',	NULL,	NULL,	'Business',	12,	'2026-03-11 20:00:16.850234',	'2026-03-11 20:00:16.851153',	'Active'),
(54,	'1bb27ef7-b548-4630-b4cd-8956a7bedd58',	'CL-0054',	34,	'Client User 13',	'9000000013',	NULL,	'Married',	'1990-04-23',	'Street 13, City 5, State',	'Street 13, City 3, State',	'client13@example.com',	'Female',	NULL,	NULL,	'Business',	12,	'2026-03-11 20:00:16.851358',	'2026-03-11 20:00:16.852529',	'Active'),
(55,	'ac542a61-a2fb-4c9d-85e2-b8f054a1cb44',	'CL-0055',	35,	'Client User 14',	'9000000014',	NULL,	'Divorced',	'1971-12-27',	'Street 14, City 3, State',	'Street 14, City 1, State',	'client14@example.com',	'Male',	NULL,	NULL,	'Engineer',	12,	'2026-03-11 20:00:16.85274',	'2026-03-11 20:00:16.853866',	'Active'),
(56,	'1307d4d5-068d-4f3a-a7f7-adb82a77e604',	'CL-0056',	36,	'Client User 15',	'9000000015',	NULL,	'Divorced',	'1979-04-18',	'Street 15, City 3, State',	'Street 15, City 2, State',	'client15@example.com',	'Female',	NULL,	NULL,	'Doctor',	12,	'2026-03-11 20:00:16.854051',	'2026-03-11 20:00:16.855663',	'Active'),
(57,	'21133a17-3759-4acb-9faa-e6767634b9bd',	'CL-0057',	37,	'Client User 16',	'9000000016',	NULL,	'Divorced',	'1982-09-05',	'Street 16, City 3, State',	'Street 16, City 1, State',	'client16@example.com',	'Male',	NULL,	NULL,	'Student',	12,	'2026-03-11 20:00:16.856208',	'2026-03-11 20:00:16.85735',	'Active'),
(58,	'c024bd04-ae91-426a-92b7-49f114dc432f',	'CL-0058',	38,	'Client User 17',	'9000000017',	NULL,	'Married',	'1995-06-11',	'Street 17, City 1, State',	'Street 17, City 1, State',	'client17@example.com',	'Female',	NULL,	NULL,	'Teacher',	12,	'2026-03-11 20:00:16.857546',	'2026-03-11 20:00:16.859019',	'Active'),
(59,	'5efb17db-2af3-4f13-afbf-87ec76a4d6d2',	'CL-0059',	39,	'Client User 18',	'9000000018',	NULL,	'Married',	'1978-01-27',	'Street 18, City 1, State',	'Street 18, City 2, State',	'client18@example.com',	'Male',	NULL,	NULL,	'Student',	12,	'2026-03-11 20:00:16.859279',	'2026-03-11 20:00:16.860302',	'Active'),
(60,	'c3c64bd7-5685-448c-bfe7-3127f4f87839',	'CL-0060',	40,	'Client User 19',	'9000000019',	NULL,	'Single',	'1992-06-26',	'Street 19, City 1, State',	'Street 19, City 3, State',	'client19@example.com',	'Male',	NULL,	NULL,	'Teacher',	12,	'2026-03-11 20:00:16.860489',	'2026-03-11 20:00:16.861748',	'Active'),
(61,	'f97dbd47-fe8a-43d0-bea5-7e2de6ac3fd8',	'CL-0061',	41,	'Client User 20',	'9000000020',	NULL,	'Divorced',	'1990-07-28',	'Street 20, City 4, State',	'Street 20, City 3, State',	'client20@example.com',	'Female',	NULL,	NULL,	'Student',	12,	'2026-03-11 20:00:16.86194',	'2026-03-11 20:00:16.863315',	'Active'),
(62,	'c107b17a-a540-4b16-b2f2-bd5a0c0b09bd',	'CL-0062',	NULL,	'Client User 21',	'9000000021',	NULL,	'Single',	'1972-03-05',	'Street 21, City 5, State',	'Street 21, City 4, State',	'client21@example.com',	'Male',	NULL,	NULL,	'Business',	12,	'2026-03-11 20:00:16.863578',	'2026-03-11 20:00:16.864825',	'Active'),
(63,	'a4fb951e-8976-4406-abf6-403350b6d8a1',	'CL-0063',	NULL,	'Client User 22',	'9000000022',	NULL,	'Divorced',	'1974-03-25',	'Street 22, City 3, State',	'Street 22, City 4, State',	'client22@example.com',	'Female',	NULL,	NULL,	'Student',	12,	'2026-03-11 20:00:16.865016',	'2026-03-11 20:00:16.866272',	'Active'),
(64,	'557d122e-eb56-42ac-bc0e-419f397cb220',	'CL-0064',	NULL,	'Client User 23',	'9000000023',	NULL,	'Single',	'1973-08-27',	'Street 23, City 5, State',	'Street 23, City 5, State',	'client23@example.com',	'Other',	NULL,	NULL,	'Engineer',	12,	'2026-03-11 20:00:16.866491',	'2026-03-11 20:00:16.867767',	'Active'),
(65,	'1cc97e63-e356-4e15-8a0b-cdf3447ca92d',	'CL-0065',	NULL,	'Client User 24',	'9000000024',	NULL,	'Married',	'1993-05-01',	'Street 24, City 4, State',	'Street 24, City 5, State',	'client24@example.com',	'Other',	NULL,	NULL,	'Engineer',	12,	'2026-03-11 20:00:16.867964',	'2026-03-11 20:00:16.868936',	'Active'),
(66,	'24529fa0-afbc-423b-a44f-6a3c5fef34d8',	'CL-0066',	NULL,	'Client User 25',	'9000000025',	NULL,	'Married',	'1970-04-22',	'Street 25, City 2, State',	'Street 25, City 5, State',	'client25@example.com',	'Male',	NULL,	NULL,	'Engineer',	12,	'2026-03-11 20:00:16.869147',	'2026-03-11 20:00:16.870369',	'Active'),
(67,	'656f2290-696f-4e17-8afc-013d86cfd827',	'CL-0067',	NULL,	'Client User 26',	'9000000026',	NULL,	'Married',	'1983-01-04',	'Street 26, City 3, State',	'Street 26, City 5, State',	'client26@example.com',	'Female',	NULL,	NULL,	'Student',	12,	'2026-03-11 20:00:16.870627',	'2026-03-11 20:00:16.871982',	'Active'),
(68,	'b86ecbaa-54c7-4fe6-8506-b90f4b4a60b1',	'CL-0068',	NULL,	'Client User 27',	'9000000027',	NULL,	'Divorced',	'1982-02-11',	'Street 27, City 3, State',	'Street 27, City 5, State',	'client27@example.com',	'Male',	NULL,	NULL,	'Engineer',	12,	'2026-03-11 20:00:16.87218',	'2026-03-11 20:00:16.873367',	'Active'),
(69,	'3edb49a6-372e-42e8-952d-e54f573e177a',	'CL-0069',	NULL,	'Client User 28',	'9000000028',	NULL,	'Married',	'1981-01-20',	'Street 28, City 2, State',	'Street 28, City 4, State',	'client28@example.com',	'Other',	NULL,	NULL,	'Student',	12,	'2026-03-11 20:00:16.873571',	'2026-03-11 20:00:16.874522',	'Active'),
(70,	'd05ed48c-4d69-4342-87f4-c4cddb2e2080',	'CL-0070',	NULL,	'Client User 29',	'9000000029',	NULL,	'Divorced',	'1987-08-27',	'Street 29, City 5, State',	'Street 29, City 2, State',	'client29@example.com',	'Female',	NULL,	NULL,	'Engineer',	12,	'2026-03-11 20:00:16.874694',	'2026-03-11 20:00:16.875773',	'Active'),
(71,	'aee22eb1-d862-4079-9918-c8d4446dc1e2',	'CL-0071',	NULL,	'Client User 30',	'9000000030',	NULL,	'Married',	'1995-10-16',	'Street 30, City 2, State',	'Street 30, City 3, State',	'client30@example.com',	'Other',	NULL,	NULL,	'Student',	12,	'2026-03-11 20:00:16.875941',	'2026-03-11 20:00:16.87654',	'Active');

DROP TABLE IF EXISTS "core_password_resets";
DROP SEQUENCE IF EXISTS "public".core_password_resets_id_seq;
CREATE SEQUENCE "public".core_password_resets_id_seq INCREMENT 1 MINVALUE 1 MAXVALUE 2147483647 CACHE 1;

CREATE TABLE "public"."core_password_resets" (
    "id" integer DEFAULT nextval('core_password_resets_id_seq') NOT NULL,
    "user_id" integer NOT NULL,
    "code" character varying(6) NOT NULL,
    "created_at" timestamp NOT NULL,
    CONSTRAINT "core_password_resets_pkey" PRIMARY KEY ("id")
)
WITH (oids = false);

CREATE UNIQUE INDEX core_password_resets_user_id_key ON public.core_password_resets USING btree (user_id);

CREATE INDEX ix_core_password_resets_id ON public.core_password_resets USING btree (id);


DROP TABLE IF EXISTS "core_user_sessions";
DROP SEQUENCE IF EXISTS "public".core_user_sessions_id_seq;
CREATE SEQUENCE "public".core_user_sessions_id_seq INCREMENT 1 MINVALUE 1 MAXVALUE 2147483647 CACHE 1;

CREATE TABLE "public"."core_user_sessions" (
    "id" integer DEFAULT nextval('core_user_sessions_id_seq') NOT NULL,
    "user_id" integer NOT NULL,
    "session_id" character varying(255) NOT NULL,
    "ip_address" character varying(45),
    "user_agent" character varying(512),
    "last_activity_at" timestamp NOT NULL,
    "expires_at" timestamp,
    CONSTRAINT "core_user_sessions_pkey" PRIMARY KEY ("id")
)
WITH (oids = false);

CREATE UNIQUE INDEX ix_core_user_sessions_session_id ON public.core_user_sessions USING btree (session_id);

CREATE INDEX ix_core_user_sessions_id ON public.core_user_sessions USING btree (id);

INSERT INTO "core_user_sessions" ("id", "user_id", "session_id", "ip_address", "user_agent", "last_activity_at", "expires_at") VALUES
(1,	1,	'737061b0-c2ee-4861-85e4-ecac4e93447c',	'172.21.0.1',	'Mozilla/5.0 (Macintosh; Intel Mac OS X 10_15_7) AppleWebKit/537.36 (KHTML, like Gecko) Chrome/145.0.0.0 Safari/537.36',	'2026-03-04 02:26:13.769591',	'2026-03-11 02:26:13.767033'),
(2,	1,	'da8fecc5-10de-4cef-b81a-c828a755aa88',	'172.21.0.1',	'Mozilla/5.0 (Macintosh; Intel Mac OS X 10_15_7) AppleWebKit/537.36 (KHTML, like Gecko) Chrome/145.0.0.0 Safari/537.36',	'2026-03-04 02:40:40.084477',	'2026-03-11 02:40:40.081916'),
(3,	1,	'1c2327d6-7462-4c36-a185-993ea3012750',	'172.21.0.1',	'Mozilla/5.0 (Macintosh; Intel Mac OS X 10_15_7) AppleWebKit/537.36 (KHTML, like Gecko) Chrome/145.0.0.0 Safari/537.36',	'2026-03-04 02:43:00.709104',	'2026-03-11 02:43:00.706678'),
(4,	1,	'338c40b7-40e4-44dd-8750-8127fca9a4c2',	'172.21.0.1',	'Mozilla/5.0 (Macintosh; Intel Mac OS X 10_15_7) AppleWebKit/537.36 (KHTML, like Gecko) Chrome/145.0.0.0 Safari/537.36',	'2026-03-04 02:44:01.927205',	'2026-03-11 02:44:01.926213'),
(5,	1,	'b508713a-5317-49c9-b89b-f929fbac7370',	'192.168.65.1',	'Mozilla/5.0 (Macintosh; Intel Mac OS X 10_15_7) AppleWebKit/537.36 (KHTML, like Gecko) Chrome/145.0.0.0 Safari/537.36',	'2026-03-04 02:45:12.33316',	'2026-03-11 02:45:12.330906'),
(6,	1,	'0a229de3-193c-4ce1-a835-001ba45ccf90',	'192.168.65.1',	'Mozilla/5.0 (Macintosh; Intel Mac OS X 10_15_7) AppleWebKit/537.36 (KHTML, like Gecko) Chrome/145.0.0.0 Safari/537.36',	'2026-03-04 02:45:58.276818',	'2026-03-11 02:45:58.275533'),
(7,	3,	'7003de7b-6c52-4c2f-a3ef-d9ee81a29c76',	'192.168.65.1',	'Mozilla/5.0 (Macintosh; Intel Mac OS X 10_15_7) AppleWebKit/537.36 (KHTML, like Gecko) Chrome/145.0.0.0 Safari/537.36',	'2026-03-04 02:48:24.426641',	'2026-03-11 02:48:24.424225'),
(8,	1,	'719b7af9-3a3f-41b4-bf6f-7be5ef322779',	'192.168.65.1',	'Mozilla/5.0 (Macintosh; Intel Mac OS X 10_15_7) AppleWebKit/537.36 (KHTML, like Gecko) Chrome/145.0.0.0 Safari/537.36',	'2026-03-04 02:49:37.757075',	'2026-03-11 02:49:37.754553'),
(9,	1,	'6ee05b27-ae9a-4cb5-bb35-cd6f59e1ec60',	'192.168.65.1',	'Mozilla/5.0 (Windows NT 10.0; Win64; x64) AppleWebKit/537.36 (KHTML, like Gecko) Chrome/145.0.0.0 Safari/537.36',	'2026-03-09 19:17:37.274883',	'2026-03-16 19:17:37.256574'),
(10,	1,	'34a12381-ec07-4413-9cb0-c8491d98b826',	'192.168.65.1',	'Mozilla/5.0 (Windows NT 10.0; Win64; x64) AppleWebKit/537.36 (KHTML, like Gecko) Chrome/145.0.0.0 Safari/537.36',	'2026-03-09 19:25:21.251551',	'2026-03-16 19:25:21.247352'),
(11,	1,	'ebcf30b1-e9a5-48f3-a418-a72dd403fc47',	'192.168.65.1',	'Mozilla/5.0 (Windows NT 10.0; Win64; x64) AppleWebKit/537.36 (KHTML, like Gecko) Chrome/145.0.0.0 Safari/537.36',	'2026-03-11 17:45:15.852014',	'2026-03-18 17:45:15.84721'),
(12,	1,	'e8ca0431-c71a-49cc-be26-c0ae44350e3c',	'192.168.65.1',	'Mozilla/5.0 (Macintosh; Intel Mac OS X 10_15_7) AppleWebKit/537.36 (KHTML, like Gecko) Chrome/145.0.0.0 Safari/537.36',	'2026-03-11 17:49:54.487472',	'2026-03-18 17:49:54.485358'),
(13,	1,	'ff020fc4-01d3-4df8-910d-087b8dd5ed2b',	'192.168.65.1',	'Mozilla/5.0 (Macintosh; Intel Mac OS X 10_15_7) AppleWebKit/537.36 (KHTML, like Gecko) Chrome/145.0.0.0 Safari/537.36',	'2026-03-11 18:27:18.346419',	'2026-03-18 18:27:18.344482'),
(14,	1,	'c350eb47-54e4-41f5-a975-a7922eb9c70f',	'172.18.0.1',	'Mozilla/5.0 (Windows NT 10.0; Win64; x64) AppleWebKit/537.36 (KHTML, like Gecko) Chrome/145.0.0.0 Safari/537.36',	'2026-03-12 16:02:32.789707',	'2026-03-19 16:02:32.786995'),
(15,	1,	'bd59cff7-a1ea-4f53-9aae-975031e23401',	'172.18.0.1',	'Mozilla/5.0 (Windows NT 10.0; Win64; x64) AppleWebKit/537.36 (KHTML, like Gecko) Chrome/145.0.0.0 Safari/537.36',	'2026-03-12 16:06:03.243649',	'2026-03-19 16:06:03.242555'),
(16,	1,	'0fb9fc74-400e-4d34-b8cc-d233818717c0',	'172.18.0.1',	'Mozilla/5.0 (Windows NT 10.0; Win64; x64) AppleWebKit/537.36 (KHTML, like Gecko) Chrome/145.0.0.0 Safari/537.36',	'2026-03-12 16:10:43.592688',	'2026-03-19 16:10:43.591908');

DROP TABLE IF EXISTS "core_users";
DROP SEQUENCE IF EXISTS "public".core_users_id_seq;
CREATE SEQUENCE "public".core_users_id_seq INCREMENT 1 MINVALUE 1 MAXVALUE 2147483647 CACHE 1;

CREATE TABLE "public"."core_users" (
    "id" integer DEFAULT nextval('core_users_id_seq') NOT NULL,
    "email" character varying(255) NOT NULL,
    "full_name" character varying(255) NOT NULL,
    "role" character varying(50) NOT NULL,
    "status" character varying(20) NOT NULL,
    "is_staff" boolean NOT NULL,
    "is_active" boolean NOT NULL,
    "is_superuser" boolean NOT NULL,
    "hashed_password" character varying(255) NOT NULL,
    "created_at" timestamp NOT NULL,
    "updated_at" timestamp NOT NULL,
    "uuid" character varying(36) NOT NULL,
    "last_login_at" timestamp,
    "last_login_ip" character varying(45),
    "phone_number" character varying(20),
    "job_title" character varying(100),
    "first_name" character varying(100),
    "last_name" character varying(100),
    CONSTRAINT "core_users_pkey" PRIMARY KEY ("id")
)
WITH (oids = false);

CREATE INDEX ix_core_users_status ON public.core_users USING btree (status);

CREATE INDEX ix_core_users_id ON public.core_users USING btree (id);

CREATE INDEX ix_core_users_role ON public.core_users USING btree (role);

CREATE UNIQUE INDEX ix_core_users_email ON public.core_users USING btree (email);

CREATE UNIQUE INDEX ix_core_users_uuid ON public.core_users USING btree (uuid);

INSERT INTO "core_users" ("id", "email", "full_name", "role", "status", "is_staff", "is_active", "is_superuser", "hashed_password", "created_at", "updated_at", "uuid", "last_login_at", "last_login_ip", "phone_number", "job_title", "first_name", "last_name") VALUES
(2,	'staff1@finance.com',	'Sarah Finance',	'finance_staff',	'active',	'1',	'1',	'0',	'$argon2id$v=19$m=65536,t=3,p=4$k3LO+d97772XsnYuJUSo1Q$0Wp4ugK6txA+ywI8a4FOC2Gz8blnf8O171NuEohGydY',	'2026-03-04 02:25:26.89478',	'2026-03-11 20:25:32.84175',	'f316f50c-6fd9-4392-b1e6-3ad1436a9002',	NULL,	NULL,	NULL,	NULL,	'Sarah',	'Finance'),
(3,	'staff2@finance.com',	'John Audit',	'finance_staff',	'active',	'1',	'1',	'0',	'$argon2id$v=19$m=65536,t=3,p=4$p/R+jzHmHOO8d875P+d8Lw$bEcE+1REoj8Ac0qoeeiCIN2tHQhOkACpGOi2a6nZi7A',	'2026-03-04 02:25:26.979608',	'2026-03-11 20:25:32.841751',	'60d96579-239c-4528-b54a-ee0964b0fc41',	'2026-03-04 02:48:24.424122',	'192.168.65.1',	NULL,	NULL,	'John',	'Audit'),
(4,	'venky@finance.com',	'Venkat',	'admin',	'active',	'0',	'1',	'0',	'$argon2id$v=19$m=65536,t=3,p=4$0RqjtBZCCMG41zonZIzxfg$ADw8aoyFR3Hrwt/+O8TjGU0hj42aEeQlinYv+exW4pg',	'2026-03-04 02:50:25.130384',	'2026-03-11 20:25:32.841751',	'879298f7-8a4a-4679-8d58-786fb131a642',	NULL,	NULL,	NULL,	NULL,	'Venkat',	''),
(5,	'venky@gmail.com',	'venky',	'new',	'deleted',	'0',	'0',	'0',	'$argon2id$v=19$m=65536,t=3,p=4$/X/v3TvnnBMiJAQAIMSYsw$lWGcPKqMRb5fQqrxD4iIoVxTxlgoLfZ1myRqnPgxXLk',	'2026-03-09 19:18:17.632191',	'2026-03-11 20:25:32.841753',	'7cf254ed-8de0-4831-9755-3c84ef9f0adb',	NULL,	NULL,	NULL,	NULL,	'venky',	''),
(6,	'venky4@gmail.com',	'venky6',	'Admin',	'active',	'0',	'1',	'0',	'$argon2id$v=19$m=65536,t=3,p=4$1HrvvbcWYozxPsc4J6T0Hg$8EZWhZfD3deMnNGdogpYv1EzlEQ4Enr5NKbv5zYKnsE',	'2026-03-11 18:25:29.765215',	'2026-03-11 20:25:32.841754',	'4cab375b-ad6d-4378-914b-1cf3970e764e',	NULL,	NULL,	NULL,	NULL,	'venky6',	''),
(7,	'venky5@gmail.com',	'venky',	'Finance Staff',	'deleted',	'0',	'0',	'0',	'$argon2id$v=19$m=65536,t=3,p=4$MWastTamFGKslRLCOCeEsA$OthXpxLh4rIRlBN3vEDCY0cko8z7G7cxDJ/cz6gsmgU',	'2026-03-11 18:26:10.698646',	'2026-03-11 20:25:32.841754',	'c33bd033-ebb1-4cc4-aa5e-02dd5d1f5c6c',	NULL,	NULL,	NULL,	NULL,	'venky',	''),
(1,	'admin@finance.com',	'SystemNew Administrator',	'admin',	'active',	'1',	'1',	'1',	'$argon2id$v=19$m=65536,t=3,p=4$I4QwppSSUkrpnXMupVRK6Q$ArHzI5qJUyMKf9ab4slxyEcNMwBrGje4C0ub05wFSds',	'2026-03-04 02:25:26.817216',	'2026-03-12 16:10:43.592256',	'6f407fec-11f2-4fa1-a479-be6679c36abb',	'2026-03-12 16:10:43.591841',	'172.18.0.1',	'987654321',	'Admin',	'SystemNew',	'Administrator'),
(8,	'Demo@gmsil.com',	'Demo',	'Admin',	'deleted',	'0',	'0',	'0',	'$argon2id$v=19$m=65536,t=3,p=4$YizlHONcK4VwTgmBEOIcYw$NXuDpZshD/sypCCLYIHLSYlxFuPgsdVHuFdoGgvObYA',	'2026-03-11 18:43:41.670148',	'2026-03-11 20:25:32.841754',	'ac863360-f622-467e-aad8-132c3712bdaf',	NULL,	NULL,	NULL,	NULL,	'Demo',	''),
(10,	'staff@example.com',	'Default Staff',	'staff',	'active',	'1',	'1',	'0',	'$argon2id$v=19$m=65536,t=3,p=4$/p/z/t97r/Vea825d65Vyg$K+h0gn3WkWNN6xYCd2sZ8bChPuCqaZZXPDmYOQ8SjYc',	'2026-03-11 18:52:18.527608',	'2026-03-11 20:25:32.841755',	'810b65e8-8fdc-4079-8c18-7390d905800e',	NULL,	NULL,	NULL,	NULL,	'Default',	'Staff'),
(11,	'venky@gmil.com_deleted_97f434d7',	'venky2',	'Admin',	'deleted',	'0',	'0',	'0',	'$argon2id$v=19$m=65536,t=3,p=4$cU6JESLk/D8nRKhV6p2zFg$w9dZX7Qp5JCGZecTthTq8kPSIAfEnI5Ktz6XDVmQqA4',	'2026-03-11 19:39:19.953717',	'2026-03-11 20:25:32.841755',	'97f434d7-cd3b-408a-99fb-bcc0afe29f38',	NULL,	NULL,	NULL,	NULL,	'venky2',	''),
(12,	'staff1@growfinance.com',	'Staff Member 1',	'staff',	'active',	'1',	'1',	'0',	'$argon2id$v=19$m=65536,t=3,p=4$VWptDSGkdG5tzTmndC4lpA$33aC3c90iauyHVOUDIgANTwY2eONHYZUG7ucKqvZn94',	'2026-03-11 20:00:16.817103',	'2026-03-11 20:25:32.841755',	'6688fd12-a4cb-4eeb-8ea1-0124c6d81de8',	NULL,	NULL,	'9876543201',	'Finance Officer',	'Staff',	'1'),
(13,	'staff2@growfinance.com',	'Staff Member 2',	'staff',	'active',	'1',	'1',	'0',	'$argon2id$v=19$m=65536,t=3,p=4$5tybM8ZYy7kXAiBk7H1PSQ$k8yXZCCF/pFBwWYxaQJVk8hy3+fGDfaE3K7CmGOdoNg',	'2026-03-11 20:00:16.817109',	'2026-03-11 20:25:32.841756',	'45cbf68f-5c67-4597-aa0a-fc41971eb2ac',	NULL,	NULL,	'9876543202',	'Finance Officer',	'Staff',	'2'),
(14,	'staff3@growfinance.com',	'Staff Member 3',	'staff',	'active',	'1',	'1',	'0',	'$argon2id$v=19$m=65536,t=3,p=4$XguB8D6HMMa4936PkVKqVQ$yCIl4I7mn+ZlqDDGMCx4F+J+WvWWqo4n4JXhRts4neM',	'2026-03-11 20:00:16.817112',	'2026-03-11 20:25:32.841756',	'442c5a91-4fd4-4093-99fa-a3c7224a3fe9',	NULL,	NULL,	'9876543203',	'Finance Officer',	'Staff',	'3'),
(15,	'staff4@growfinance.com',	'Staff Member 4',	'staff',	'active',	'1',	'1',	'0',	'$argon2id$v=19$m=65536,t=3,p=4$yFkrJeS8d671PiektHaOcQ$zpFgurOVPBznMuu/H7e4qs3M1QzEoLTYdTKk4m47XEA',	'2026-03-11 20:00:16.817117',	'2026-03-11 20:25:32.841756',	'4a2d7ca5-575d-4f1b-bda6-bff7508948a6',	NULL,	NULL,	'9876543204',	'Finance Officer',	'Staff',	'4'),
(16,	'staff5@growfinance.com',	'Staff Member 5',	'staff',	'active',	'1',	'1',	'0',	'$argon2id$v=19$m=65536,t=3,p=4$2zsnZKyVktLauzeGECJkrA$470OF5fZbewXs/1vYx2EvmYn77j3QyCgdowE7zmubYI',	'2026-03-11 20:00:16.81712',	'2026-03-11 20:25:32.841756',	'325ac50b-81ba-45c6-8597-47dfd69b6415',	NULL,	NULL,	'9876543205',	'Finance Officer',	'Staff',	'5'),
(17,	'staff6@growfinance.com',	'Staff Member 6',	'staff',	'active',	'1',	'1',	'0',	'$argon2id$v=19$m=65536,t=3,p=4$WAuBEAKAEILQ2hujFELIuQ$URxC3wlF5u7ig99y5VR7w2aWa0gqUCjBGCwyaJLAtvM',	'2026-03-11 20:00:16.817122',	'2026-03-11 20:25:32.841756',	'33191393-196a-4010-9356-581ffcb04033',	NULL,	NULL,	'9876543206',	'Finance Officer',	'Staff',	'6'),
(18,	'staff7@growfinance.com',	'Staff Member 7',	'staff',	'active',	'1',	'1',	'0',	'$argon2id$v=19$m=65536,t=3,p=4$WOtdK8V4jzHGGKPUuvde6w$vU9E64FC/C8kHXPjTRoiz//0Uq0SNCAdekoCJp4VOv0',	'2026-03-11 20:00:16.817124',	'2026-03-11 20:25:32.841757',	'1a252072-56cb-452e-a6b9-fba7157cb70a',	NULL,	NULL,	'9876543207',	'Finance Officer',	'Staff',	'7'),
(19,	'staff8@growfinance.com',	'Staff Member 8',	'staff',	'active',	'1',	'1',	'0',	'$argon2id$v=19$m=65536,t=3,p=4$t9b637t3TmnN+X+Pca713g$n5SjGOCE1VyDa1waLy2au8al9zXceERxem32Z4bqUv8',	'2026-03-11 20:00:16.817127',	'2026-03-11 20:25:32.841757',	'e61e3b73-4462-4925-8d53-b305214210ec',	NULL,	NULL,	'9876543208',	'Finance Officer',	'Staff',	'8'),
(20,	'staff9@growfinance.com',	'Staff Member 9',	'staff',	'active',	'1',	'1',	'0',	'$argon2id$v=19$m=65536,t=3,p=4$m7MWAsD4P4dQSkkJgRBCCA$j9caItK3ViI760UYF17aV5yLWdwwVmjWuST3nd9SCVQ',	'2026-03-11 20:00:16.817129',	'2026-03-11 20:25:32.841757',	'9919dd81-1f06-4074-a059-76a3529f6e51',	NULL,	NULL,	'9876543209',	'Finance Officer',	'Staff',	'9'),
(21,	'staff10@growfinance.com',	'Staff Member 10',	'staff',	'active',	'1',	'1',	'0',	'$argon2id$v=19$m=65536,t=3,p=4$SukdY2zNee9di/F+rxUihA$SzSkcI2PG7cDSE7W5EMuiP4RrCPBP2oGQn/YSrb+T4A',	'2026-03-11 20:00:16.817131',	'2026-03-11 20:25:32.841757',	'dad15b2c-8987-4882-baf0-8c5861897419',	NULL,	NULL,	'9876543210',	'Finance Officer',	'Staff',	'10'),
(22,	'customer1@example.com',	'Customer Name 1',	'customer',	'active',	'0',	'1',	'0',	'$argon2id$v=19$m=65536,t=3,p=4$jxHinFMKgfBeixGi9H7vXQ$ug9+/m1b2N9C0G4ojPjnKVhKxLbPrFBRnMCxSA54ksk',	'2026-03-11 20:00:16.822262',	'2026-03-11 20:25:32.841757',	'dc6a76f0-a7af-43a2-97d5-f2691065a07d',	NULL,	NULL,	'9123456701',	NULL,	'Customer',	'1'),
(23,	'customer2@example.com',	'Customer Name 2',	'customer',	'active',	'0',	'1',	'0',	'$argon2id$v=19$m=65536,t=3,p=4$IGSsVUpJCaH0nnOOce5dqw$6xRTPNziJjJ8Nxzx68jDVZr3UxrQ8P46uEWgwEeSQHs',	'2026-03-11 20:00:16.822265',	'2026-03-11 20:25:32.841758',	'3b5daadf-d9df-426d-8cbb-279bff2f271c',	NULL,	NULL,	'9123456702',	NULL,	'Customer',	'2'),
(24,	'customer3@example.com',	'Customer Name 3',	'customer',	'active',	'0',	'1',	'0',	'$argon2id$v=19$m=65536,t=3,p=4$YYxRKkVIae19r5WytjYmRA$7TYlYS29IzMbEda8eQHKP9XNx0qcM2nzf7yjf4ArMyU',	'2026-03-11 20:00:16.822267',	'2026-03-11 20:25:32.841758',	'd5466962-a840-4921-b288-219bbf2d6f07',	NULL,	NULL,	'9123456703',	NULL,	'Customer',	'3'),
(25,	'customer4@example.com',	'Customer Name 4',	'customer',	'active',	'0',	'1',	'0',	'$argon2id$v=19$m=65536,t=3,p=4$vPf+P+d8D4FwTglByJnT2g$ArnD8Or939qgDnJ/B0unWnTceFnaUceO8/Ebjntu960',	'2026-03-11 20:00:16.822269',	'2026-03-11 20:25:32.841762',	'cecf5b8f-eef3-42ec-b711-91a3c012014b',	NULL,	NULL,	'9123456704',	NULL,	'Customer',	'4'),
(26,	'customer5@example.com',	'Customer Name 5',	'customer',	'active',	'0',	'1',	'0',	'$argon2id$v=19$m=65536,t=3,p=4$otQaw3jv/b/XujfmfC9lLA$Act0lNmoc9CjQtlviKwJ61/6D9Q2AMaE+/wfZUoPEME',	'2026-03-11 20:00:16.822271',	'2026-03-11 20:25:32.841763',	'b6f5fac9-5bfb-4357-b65b-047d645c6dbc',	NULL,	NULL,	'9123456705',	NULL,	'Customer',	'5'),
(27,	'customer6@example.com',	'Customer Name 6',	'customer',	'active',	'0',	'1',	'0',	'$argon2id$v=19$m=65536,t=3,p=4$1JqzFuI8B6DUGiMkBODcew$y+f9q4WIVWz8ny9D1hajmnDxpw9KcjE7/5cODv0Cm4g',	'2026-03-11 20:00:16.822273',	'2026-03-11 20:25:32.841763',	'29758b35-396e-4a97-97f0-1c75591bc56e',	NULL,	NULL,	'9123456706',	NULL,	'Customer',	'6'),
(28,	'customer7@example.com',	'Customer Name 7',	'customer',	'active',	'0',	'1',	'0',	'$argon2id$v=19$m=65536,t=3,p=4$yVlLCSFECEHo3RsDQEiJEQ$6ptUmBo3DYmoRe3Ggqpl1brquvf+EXrJ11EDFxQ0nn8',	'2026-03-11 20:00:16.822275',	'2026-03-11 20:25:32.841763',	'abf16125-a035-429a-bb63-1485c0e05198',	NULL,	NULL,	'9123456707',	NULL,	'Customer',	'7'),
(29,	'customer8@example.com',	'Customer Name 8',	'customer',	'active',	'0',	'1',	'0',	'$argon2id$v=19$m=65536,t=3,p=4$qhUCAMD4/z8nZMw5Z2zNeQ$w9GQBivO2/KvfB7gl9X3XEWMLCw2xoKOSJ36zmArT/M',	'2026-03-11 20:00:16.822277',	'2026-03-11 20:25:32.841763',	'de46ac55-8879-44ab-8311-8fae3507835d',	NULL,	NULL,	'9123456708',	NULL,	'Customer',	'8'),
(30,	'customer9@example.com',	'Customer Name 9',	'customer',	'active',	'0',	'1',	'0',	'$argon2id$v=19$m=65536,t=3,p=4$TklJaa3V+p9zLgUAQMj5nw$jtwqC+bBDBmpcya69gD/nDfp59qEi/w/mXfp2OhngZg',	'2026-03-11 20:00:16.822278',	'2026-03-11 20:25:32.841763',	'ae41a57f-06ef-442c-81d1-093e636f7974',	NULL,	NULL,	'9123456709',	NULL,	'Customer',	'9'),
(31,	'customer10@example.com',	'Customer Name 10',	'customer',	'active',	'0',	'1',	'0',	'$argon2id$v=19$m=65536,t=3,p=4$dU5JifEeI0QI4dwbAyAkxA$Sa0Kjqc/2dSX5Kz1S4piDBeSXaSwEKOrZFqOW4ge+Ds',	'2026-03-11 20:00:16.822281',	'2026-03-11 20:25:32.841764',	'6092de03-cec1-4775-8ac3-d06390477b7a',	NULL,	NULL,	'9123456710',	NULL,	'Customer',	'10'),
(32,	'customer11@example.com',	'Customer Name 11',	'customer',	'active',	'0',	'1',	'0',	'$argon2id$v=19$m=65536,t=3,p=4$bC2ldO7dW2ttLaXUGkMIoQ$r4M+n3uY89TN2IiGJ3Di5GhFh+T35GOlYM1XN1q4N9A',	'2026-03-11 20:00:16.822282',	'2026-03-11 20:25:32.841764',	'97d090cc-d4fd-415f-be21-8156bee5577c',	NULL,	NULL,	'9123456711',	NULL,	'Customer',	'11'),
(33,	'customer12@example.com',	'Customer Name 12',	'customer',	'active',	'0',	'1',	'0',	'$argon2id$v=19$m=65536,t=3,p=4$VIqxlrIWQuidM0YIgZASog$9nlSlZAiSJdfDb77BXRtK0rMRHqUCB/4MbpOQT/fLdc',	'2026-03-11 20:00:16.822284',	'2026-03-11 20:25:32.841764',	'63da0a57-ba5c-48a1-a933-2fc9f1b1885f',	NULL,	NULL,	'9123456712',	NULL,	'Customer',	'12'),
(34,	'customer13@example.com',	'Customer Name 13',	'customer',	'active',	'0',	'1',	'0',	'$argon2id$v=19$m=65536,t=3,p=4$V4rRGkOIUeqdU8qZ8z6HUA$Y6nUlGzly2A+QRGK0cHplQEGrQTVW6SYgX0md//A8GA',	'2026-03-11 20:00:16.822286',	'2026-03-11 20:25:32.841764',	'e00e5882-228c-45b4-87ea-eb931d5845a3',	NULL,	NULL,	'9123456713',	NULL,	'Customer',	'13'),
(35,	'customer14@example.com',	'Customer Name 14',	'customer',	'active',	'0',	'1',	'0',	'$argon2id$v=19$m=65536,t=3,p=4$fo8xpnTO2fvfuzdGaO291w$HX78dy+NWN3G25RKtm8aPbt3fpP9y8h8Jz3P/rWfTcA',	'2026-03-11 20:00:16.822288',	'2026-03-11 20:25:32.841764',	'0c16ef3d-a67e-411b-be08-9d7528fb8d5e',	NULL,	NULL,	'9123456714',	NULL,	'Customer',	'14'),
(36,	'customer15@example.com',	'Customer Name 15',	'customer',	'active',	'0',	'1',	'0',	'$argon2id$v=19$m=65536,t=3,p=4$4lzLGaM0hvD+H2Ps3bt3Tg$r/xp2pviPP6L3kpm+rZRBxbCvUN+hm9poOQvICvvTtc',	'2026-03-11 20:00:16.82229',	'2026-03-11 20:25:32.841765',	'e0e5127e-4513-4190-9eb2-6f0ba009d2c8',	NULL,	NULL,	'9123456715',	NULL,	'Customer',	'15'),
(37,	'customer16@example.com',	'Customer Name 16',	'customer',	'active',	'0',	'1',	'0',	'$argon2id$v=19$m=65536,t=3,p=4$a03pHUOIEWJszbkXohTC+A$7pJFRDJOXExj6JZRxZSH42q+NmHNNpp3MJCI6vGCbds',	'2026-03-11 20:00:16.822292',	'2026-03-11 20:25:32.841765',	'9c776ab4-beef-4816-a015-7f742488873a',	NULL,	NULL,	'9123456716',	NULL,	'Customer',	'16'),
(38,	'customer17@example.com',	'Customer Name 17',	'customer',	'active',	'0',	'1',	'0',	'$argon2id$v=19$m=65536,t=3,p=4$NAZAqHUOgfBea60VwhhDaA$mNkfPASLztdkpJBPWsiwYPvsJFfbhuB0628qy5ZfeDw',	'2026-03-11 20:00:16.822294',	'2026-03-11 20:25:32.841765',	'066f4ab9-a57a-4739-8076-db1b3cc3cdb2',	NULL,	NULL,	'9123456717',	NULL,	'Customer',	'17'),
(39,	'customer18@example.com',	'Customer Name 18',	'customer',	'active',	'0',	'1',	'0',	'$argon2id$v=19$m=65536,t=3,p=4$s7aWUur9P6cUYuyd05rTOg$0ziS+WRgE2gzblQ4ztYYU+yCNpLZd0uSJ0slwJsbN2E',	'2026-03-11 20:00:16.822295',	'2026-03-11 20:25:32.841765',	'f8eb0d61-ec2a-4f5a-9969-d365286bbfdf',	NULL,	NULL,	'9123456718',	NULL,	'Customer',	'18'),
(40,	'customer19@example.com',	'Customer Name 19',	'customer',	'active',	'0',	'1',	'0',	'$argon2id$v=19$m=65536,t=3,p=4$zTnnHGOsldI6h7D2/v9fqw$Z6muqX9qCn6p/o/MFaE46z39XWGHYaUo5uGQOW3upGU',	'2026-03-11 20:00:16.822297',	'2026-03-11 20:25:32.841766',	'ee1495c1-d34f-4e09-9bea-355d8d339d9b',	NULL,	NULL,	'9123456719',	NULL,	'Customer',	'19'),
(41,	'customer20@example.com',	'Customer Name 20',	'customer',	'active',	'0',	'1',	'0',	'$argon2id$v=19$m=65536,t=3,p=4$ee89pzRGKMXYe29tjTEGYA$pmHrtBaj1NMJYthmh2ZNz9HnfhoOS3gNmppapVDuzeU',	'2026-03-11 20:00:16.822299',	'2026-03-11 20:25:32.841766',	'4f5b73f4-32d3-4714-a469-22aea2e7d2e2',	NULL,	NULL,	'9123456720',	NULL,	'Customer',	'20'),
(42,	'ganesh@gmail.com_deleted_1ded02b8',	'Ganesh',	'Finance Staff',	'deleted',	'0',	'0',	'0',	'$argon2id$v=19$m=65536,t=3,p=4$uZcSgvC+l1JKCcE4x7iXkg$d8EPa/UMp6RX+u0203V3mMWOxuSwdpqhNdmAEua7NPQ',	'2026-03-12 16:06:43.802301',	'2026-03-12 16:07:58.37043',	'1ded02b8-b64b-4e08-a095-cd76abf260db',	NULL,	NULL,	NULL,	NULL,	NULL,	NULL);

DROP TABLE IF EXISTS "fin_loan_application_documents";
DROP SEQUENCE IF EXISTS "public".fin_loan_application_documents_id_seq;
CREATE SEQUENCE "public".fin_loan_application_documents_id_seq INCREMENT 1 MINVALUE 1 MAXVALUE 2147483647 CACHE 1;

CREATE TABLE "public"."fin_loan_application_documents" (
    "id" integer DEFAULT nextval('fin_loan_application_documents_id_seq') NOT NULL,
    "loan_application_id" integer NOT NULL,
    "document" character varying(100) NOT NULL,
    "document_name" character varying(100) NOT NULL,
    CONSTRAINT "fin_loan_application_documents_pkey" PRIMARY KEY ("id")
)
WITH (oids = false);

CREATE INDEX ix_fin_loan_application_documents_id ON public.fin_loan_application_documents USING btree (id);


DROP TABLE IF EXISTS "fin_loan_applications";
DROP SEQUENCE IF EXISTS "public".fin_loan_applications_id_seq;
CREATE SEQUENCE "public".fin_loan_applications_id_seq INCREMENT 1 MINVALUE 1 MAXVALUE 2147483647 CACHE 1;

CREATE TABLE "public"."fin_loan_applications" (
    "id" integer DEFAULT nextval('fin_loan_applications_id_seq') NOT NULL,
    "loan_custom_id" character varying(20),
    "client_id" integer NOT NULL,
    "loan_amount" numeric(12,2) NOT NULL,
    "interest_rate" numeric(12,2) NOT NULL,
    "commission_percentage" numeric(5,2),
    "commission_amount" numeric(12,2),
    "middle_man_name" character varying(255),
    "cutting_fee" numeric(12,2),
    "repayment_terms" character varying(50) NOT NULL,
    "total_months" integer NOT NULL,
    "loan_start_date" date NOT NULL,
    "loan_collection_date" integer NOT NULL,
    "status" character varying(50) NOT NULL,
    "purpose_of_loan" character varying(255),
    "created_at" timestamp NOT NULL,
    "updated_at" timestamp NOT NULL,
    CONSTRAINT "fin_loan_applications_pkey" PRIMARY KEY ("id")
)
WITH (oids = false);

CREATE INDEX ix_fin_loan_applications_id ON public.fin_loan_applications USING btree (id);

CREATE UNIQUE INDEX ix_fin_loan_applications_loan_custom_id ON public.fin_loan_applications USING btree (loan_custom_id);

CREATE INDEX ix_fin_loan_applications_status ON public.fin_loan_applications USING btree (status);

INSERT INTO "fin_loan_applications" ("id", "loan_custom_id", "client_id", "loan_amount", "interest_rate", "commission_percentage", "commission_amount", "middle_man_name", "cutting_fee", "repayment_terms", "total_months", "loan_start_date", "loan_collection_date", "status", "purpose_of_loan", "created_at", "updated_at") VALUES
(2,	'LA-0002',	41,	500000.00,	12.00,	NULL,	NULL,	NULL,	NULL,	'Monthly',	24,	'2024-01-01',	5,	'Pending Approval',	'Home Renovation',	'2026-03-11 19:04:19.911759',	'2026-03-11 19:04:19.912512');

DROP TABLE IF EXISTS "fin_loans";
DROP SEQUENCE IF EXISTS "public".fin_loans_id_seq;
CREATE SEQUENCE "public".fin_loans_id_seq INCREMENT 1 MINVALUE 1 MAXVALUE 2147483647 CACHE 1;

CREATE TABLE "public"."fin_loans" (
    "id" integer DEFAULT nextval('fin_loans_id_seq') NOT NULL,
    "client_id" integer NOT NULL,
    "loan_amount" numeric(12,2) NOT NULL,
    "interest_rate" numeric(12,2) NOT NULL,
    "commission_percentage" numeric(5,2) NOT NULL,
    "commission_amount" numeric(12,2) NOT NULL,
    "cutting_fee" numeric(12,2) NOT NULL,
    "middle_man_name" character varying(255),
    "status" character varying(50) NOT NULL,
    "frequency" character varying(50) NOT NULL,
    "tenure" integer NOT NULL,
    "emi_start_date" date NOT NULL,
    "collection_date" integer NOT NULL,
    "created_at" timestamp NOT NULL,
    "updated_at" timestamp NOT NULL,
    "loan_custom_id" character varying(20),
    CONSTRAINT "fin_loans_pkey" PRIMARY KEY ("id")
)
WITH (oids = false);

CREATE INDEX ix_fin_loans_emi_start_date ON public.fin_loans USING btree (emi_start_date);

CREATE INDEX ix_fin_loans_status ON public.fin_loans USING btree (status);

CREATE INDEX ix_fin_loans_frequency ON public.fin_loans USING btree (frequency);

CREATE INDEX ix_fin_loans_client_id ON public.fin_loans USING btree (client_id);

CREATE INDEX ix_fin_loans_id ON public.fin_loans USING btree (id);

CREATE UNIQUE INDEX ix_fin_loans_loan_custom_id ON public.fin_loans USING btree (loan_custom_id);

INSERT INTO "fin_loans" ("id", "client_id", "loan_amount", "interest_rate", "commission_percentage", "commission_amount", "cutting_fee", "middle_man_name", "status", "frequency", "tenure", "emi_start_date", "collection_date", "created_at", "updated_at", "loan_custom_id") VALUES
(1,	44,	275042.00,	14.00,	2.00,	5500.84,	1000.00,	NULL,	'Active',	'Monthly',	24,	'2026-02-16',	1,	'2026-03-11 20:00:16.879823',	'2026-03-11 20:00:16.883779',	'LN-0001'),
(2,	53,	417134.00,	18.00,	2.00,	8342.68,	1000.00,	NULL,	'Active',	'Monthly',	36,	'2025-10-17',	19,	'2026-03-11 20:00:16.887749',	'2026-03-11 20:00:16.889096',	'LN-0002'),
(3,	49,	296905.00,	15.00,	2.00,	5938.10,	1000.00,	NULL,	'Active',	'Monthly',	12,	'2026-02-20',	6,	'2026-03-11 20:00:16.891595',	'2026-03-11 20:00:16.892193',	'LN-0003'),
(4,	44,	955960.00,	13.00,	2.00,	19119.20,	1000.00,	NULL,	'Active',	'Monthly',	36,	'2026-02-25',	23,	'2026-03-11 20:00:16.893298',	'2026-03-11 20:00:16.894237',	'LN-0004'),
(5,	59,	890857.00,	11.00,	2.00,	17817.14,	1000.00,	NULL,	'Active',	'Monthly',	36,	'2025-09-19',	11,	'2026-03-11 20:00:16.896873',	'2026-03-11 20:00:16.898013',	'LN-0005'),
(6,	56,	464437.00,	10.00,	2.00,	9288.74,	1000.00,	NULL,	'Active',	'Monthly',	36,	'2025-12-24',	7,	'2026-03-11 20:00:16.900303',	'2026-03-11 20:00:16.901214',	'LN-0006'),
(7,	56,	895337.00,	14.00,	2.00,	17906.74,	1000.00,	NULL,	'Active',	'Monthly',	24,	'2025-09-26',	14,	'2026-03-11 20:00:16.903251',	'2026-03-11 20:00:16.904005',	'LN-0007'),
(8,	62,	608921.00,	19.00,	2.00,	12178.42,	1000.00,	NULL,	'Active',	'Monthly',	12,	'2026-03-02',	2,	'2026-03-11 20:00:16.905527',	'2026-03-11 20:00:16.906066',	'LN-0008'),
(9,	69,	517498.00,	12.00,	2.00,	10349.96,	1000.00,	NULL,	'Active',	'Monthly',	24,	'2025-11-21',	2,	'2026-03-11 20:00:16.907271',	'2026-03-11 20:00:16.908242',	'LN-0009'),
(10,	47,	621422.00,	21.00,	2.00,	12428.44,	1000.00,	NULL,	'Active',	'Monthly',	12,	'2025-12-12',	14,	'2026-03-11 20:00:16.910126',	'2026-03-11 20:00:16.910799',	'LN-0010'),
(11,	65,	404010.00,	11.00,	2.00,	8080.20,	1000.00,	NULL,	'Active',	'Monthly',	36,	'2025-09-19',	6,	'2026-03-11 20:00:16.911945',	'2026-03-11 20:00:16.913357',	'LN-0011'),
(12,	65,	764863.00,	17.00,	2.00,	15297.26,	1000.00,	NULL,	'Active',	'Monthly',	24,	'2026-01-14',	7,	'2026-03-11 20:00:16.915821',	'2026-03-11 20:00:16.916574',	'LN-0012'),
(13,	49,	220053.00,	15.00,	2.00,	4401.06,	1000.00,	NULL,	'Active',	'Monthly',	36,	'2026-03-08',	10,	'2026-03-11 20:00:16.918118',	'2026-03-11 20:00:16.919044',	'LN-0013'),
(14,	60,	954543.00,	15.00,	2.00,	19090.86,	1000.00,	NULL,	'Active',	'Monthly',	12,	'2026-02-06',	5,	'2026-03-11 20:00:16.922144',	'2026-03-11 20:00:16.92277',	'LN-0014'),
(15,	47,	469878.00,	12.00,	2.00,	9397.56,	1000.00,	NULL,	'Active',	'Monthly',	36,	'2025-12-20',	23,	'2026-03-11 20:00:16.923988',	'2026-03-11 20:00:16.924949',	'LN-0015'),
(16,	47,	720254.00,	18.00,	2.00,	14405.08,	1000.00,	NULL,	'Active',	'Monthly',	36,	'2026-01-04',	26,	'2026-03-11 20:00:16.927033',	'2026-03-11 20:00:16.92811',	'LN-0016'),
(17,	46,	697529.00,	19.00,	2.00,	13950.58,	1000.00,	NULL,	'Active',	'Monthly',	36,	'2025-10-09',	21,	'2026-03-11 20:00:16.930692',	'2026-03-11 20:00:16.931891',	'LN-0017'),
(18,	65,	267126.00,	19.00,	2.00,	5342.52,	1000.00,	NULL,	'Active',	'Monthly',	12,	'2026-01-10',	9,	'2026-03-11 20:00:16.934106',	'2026-03-11 20:00:16.934773',	'LN-0018'),
(19,	55,	70832.00,	19.00,	2.00,	1416.64,	1000.00,	NULL,	'Active',	'Monthly',	36,	'2026-03-02',	9,	'2026-03-11 20:00:16.936173',	'2026-03-11 20:00:16.937134',	'LN-0019'),
(20,	53,	483021.00,	13.00,	2.00,	9660.42,	1000.00,	NULL,	'Active',	'Monthly',	36,	'2025-12-23',	20,	'2026-03-11 20:00:16.939817',	'2026-03-11 20:00:16.940868',	'LN-0020'),
(21,	60,	945527.00,	22.00,	2.00,	18910.54,	1000.00,	NULL,	'Pending',	'Monthly',	12,	'2025-10-11',	11,	'2026-03-11 20:00:16.942959',	'2026-03-11 20:00:16.943286',	'LN-0021'),
(22,	43,	119850.00,	13.00,	2.00,	2397.00,	1000.00,	NULL,	'Pending',	'Monthly',	12,	'2026-03-06',	16,	'2026-03-11 20:00:16.943455',	'2026-03-11 20:00:16.943772',	'LN-0022'),
(23,	49,	473115.00,	14.00,	2.00,	9462.30,	1000.00,	NULL,	'Pending',	'Monthly',	36,	'2026-02-17',	2,	'2026-03-11 20:00:16.943981',	'2026-03-11 20:00:16.944356',	'LN-0023'),
(24,	63,	448226.00,	22.00,	2.00,	8964.52,	1000.00,	NULL,	'Pending',	'Monthly',	36,	'2025-09-23',	22,	'2026-03-11 20:00:16.944607',	'2026-03-11 20:00:16.945071',	'LN-0024'),
(25,	52,	469731.00,	11.00,	2.00,	9394.62,	1000.00,	NULL,	'Pending',	'Monthly',	36,	'2026-02-13',	27,	'2026-03-11 20:00:16.94524',	'2026-03-11 20:00:16.945683',	'LN-0025'),
(26,	54,	288403.00,	23.00,	2.00,	5768.06,	1000.00,	NULL,	'Active',	'Monthly',	12,	'2025-09-18',	24,	'2026-03-11 20:25:32.84945',	'2026-03-11 20:25:32.851174',	'LN-0026'),
(27,	44,	592459.00,	13.00,	2.00,	11849.18,	1000.00,	NULL,	'Active',	'Monthly',	24,	'2026-01-11',	15,	'2026-03-11 20:25:32.85453',	'2026-03-11 20:25:32.855743',	'LN-0027'),
(28,	43,	352124.00,	22.00,	2.00,	7042.48,	1000.00,	NULL,	'Active',	'Monthly',	12,	'2025-09-28',	10,	'2026-03-11 20:25:32.857896',	'2026-03-11 20:25:32.858749',	'LN-0028'),
(29,	50,	399228.00,	13.00,	2.00,	7984.56,	1000.00,	NULL,	'Active',	'Monthly',	24,	'2026-02-13',	24,	'2026-03-11 20:25:32.860541',	'2026-03-11 20:25:32.861594',	'LN-0029'),
(30,	55,	671097.00,	18.00,	2.00,	13421.94,	1000.00,	NULL,	'Active',	'Monthly',	24,	'2026-03-09',	21,	'2026-03-11 20:25:32.863552',	'2026-03-11 20:25:32.864417',	'LN-0030'),
(31,	49,	834315.00,	19.00,	2.00,	16686.30,	1000.00,	NULL,	'Active',	'Monthly',	24,	'2025-11-02',	27,	'2026-03-11 20:25:32.866206',	'2026-03-11 20:25:32.867066',	'LN-0031'),
(32,	70,	528393.00,	19.00,	2.00,	10567.86,	1000.00,	NULL,	'Active',	'Monthly',	36,	'2025-11-13',	25,	'2026-03-11 20:25:32.868929',	'2026-03-11 20:25:32.870137',	'LN-0032'),
(33,	45,	403644.00,	15.00,	2.00,	8072.88,	1000.00,	NULL,	'Active',	'Monthly',	36,	'2026-02-18',	14,	'2026-03-11 20:25:32.872941',	'2026-03-11 20:25:32.874145',	'LN-0033'),
(34,	69,	961631.00,	20.00,	2.00,	19232.62,	1000.00,	NULL,	'Active',	'Monthly',	36,	'2026-01-03',	9,	'2026-03-11 20:25:32.876662',	'2026-03-11 20:25:32.877601',	'LN-0034'),
(35,	48,	210175.00,	14.00,	2.00,	4203.50,	1000.00,	NULL,	'Active',	'Monthly',	24,	'2026-02-24',	16,	'2026-03-11 20:25:32.879951',	'2026-03-11 20:25:32.881029',	'LN-0035'),
(36,	51,	832572.00,	14.00,	2.00,	16651.44,	1000.00,	NULL,	'Active',	'Monthly',	36,	'2025-10-19',	5,	'2026-03-11 20:25:32.882922',	'2026-03-11 20:25:32.883899',	'LN-0036'),
(37,	49,	102061.00,	18.00,	2.00,	2041.22,	1000.00,	NULL,	'Active',	'Monthly',	36,	'2025-09-17',	14,	'2026-03-11 20:25:32.886062',	'2026-03-11 20:25:32.887041',	'LN-0037'),
(38,	55,	391635.00,	15.00,	2.00,	7832.70,	1000.00,	NULL,	'Active',	'Monthly',	24,	'2026-01-14',	15,	'2026-03-11 20:25:32.889756',	'2026-03-11 20:25:32.890551',	'LN-0038'),
(39,	55,	288914.00,	11.00,	2.00,	5778.28,	1000.00,	NULL,	'Active',	'Monthly',	24,	'2025-12-16',	26,	'2026-03-11 20:25:32.892181',	'2026-03-11 20:25:32.892912',	'LN-0039'),
(40,	60,	830975.00,	24.00,	2.00,	16619.50,	1000.00,	NULL,	'Active',	'Monthly',	24,	'2025-09-18',	5,	'2026-03-11 20:25:32.894381',	'2026-03-11 20:25:32.895141',	'LN-0040'),
(41,	66,	627183.00,	10.00,	2.00,	12543.66,	1000.00,	NULL,	'Active',	'Monthly',	12,	'2026-02-07',	1,	'2026-03-11 20:25:32.89711',	'2026-03-11 20:25:32.897718',	'LN-0041'),
(42,	64,	858932.00,	12.00,	2.00,	17178.64,	1000.00,	NULL,	'Active',	'Monthly',	36,	'2025-12-02',	14,	'2026-03-11 20:25:32.898925',	'2026-03-11 20:25:32.899829',	'LN-0042'),
(43,	45,	84922.00,	17.00,	2.00,	1698.44,	1000.00,	NULL,	'Active',	'Monthly',	36,	'2025-12-30',	19,	'2026-03-11 20:25:32.902289',	'2026-03-11 20:25:32.903218',	'LN-0043'),
(44,	57,	970618.00,	18.00,	2.00,	19412.36,	1000.00,	NULL,	'Active',	'Monthly',	24,	'2026-02-06',	3,	'2026-03-11 20:25:32.905505',	'2026-03-11 20:25:32.906358',	'LN-0044'),
(45,	67,	937528.00,	24.00,	2.00,	18750.56,	1000.00,	NULL,	'Active',	'Monthly',	24,	'2026-01-02',	23,	'2026-03-11 20:25:32.907978',	'2026-03-11 20:25:32.908685',	'LN-0045'),
(46,	57,	388075.00,	19.00,	2.00,	7761.50,	1000.00,	NULL,	'Pending',	'Monthly',	36,	'2025-09-23',	26,	'2026-03-11 20:25:32.910371',	'2026-03-11 20:25:32.910705',	'LN-0046'),
(47,	70,	200805.00,	19.00,	2.00,	4016.10,	1000.00,	NULL,	'Pending',	'Monthly',	36,	'2026-02-06',	2,	'2026-03-11 20:25:32.910874',	'2026-03-11 20:25:32.911172',	'LN-0047'),
(48,	49,	84029.00,	20.00,	2.00,	1680.58,	1000.00,	NULL,	'Pending',	'Monthly',	24,	'2025-12-03',	4,	'2026-03-11 20:25:32.911326',	'2026-03-11 20:25:32.911627',	'LN-0048'),
(49,	49,	877108.00,	10.00,	2.00,	17542.16,	1000.00,	NULL,	'Pending',	'Monthly',	12,	'2025-10-11',	15,	'2026-03-11 20:25:32.911886',	'2026-03-11 20:25:32.912402',	'LN-0049'),
(50,	45,	479940.00,	17.00,	2.00,	9598.80,	1000.00,	NULL,	'Pending',	'Monthly',	24,	'2025-12-07',	17,	'2026-03-11 20:25:32.91265',	'2026-03-11 20:25:32.913038',	'LN-0050');

DROP TABLE IF EXISTS "fin_repayment_schedules";
DROP SEQUENCE IF EXISTS "public".fin_repayment_schedules_id_seq;
CREATE SEQUENCE "public".fin_repayment_schedules_id_seq INCREMENT 1 MINVALUE 1 MAXVALUE 2147483647 CACHE 1;

CREATE TABLE "public"."fin_repayment_schedules" (
    "id" integer DEFAULT nextval('fin_repayment_schedules_id_seq') NOT NULL,
    "loan_id" integer NOT NULL,
    "due_date" date NOT NULL,
    "expected_amount" numeric(12,2) NOT NULL,
    "principal_component" numeric(12,2) NOT NULL,
    "interest_component" numeric(12,2) NOT NULL,
    "balance_remaining" numeric(12,2) NOT NULL,
    "status" character varying(50) NOT NULL,
    "created_at" timestamp NOT NULL,
    "updated_at" timestamp NOT NULL,
    CONSTRAINT "fin_repayment_schedules_pkey" PRIMARY KEY ("id")
)
WITH (oids = false);

CREATE INDEX ix_fin_repayment_schedules_status ON public.fin_repayment_schedules USING btree (status);

CREATE INDEX ix_fin_repayment_schedules_due_date ON public.fin_repayment_schedules USING btree (due_date);

CREATE INDEX ix_fin_repayment_schedules_loan_id ON public.fin_repayment_schedules USING btree (loan_id);

CREATE INDEX ix_fin_repayment_schedules_id ON public.fin_repayment_schedules USING btree (id);

INSERT INTO "fin_repayment_schedules" ("id", "loan_id", "due_date", "expected_amount", "principal_component", "interest_component", "balance_remaining", "status", "created_at", "updated_at") VALUES
(2,	1,	'2026-03-18',	14668.91,	11460.08,	3208.82,	252121.83,	'Pending',	'2026-03-11 20:00:16.884849',	'2026-03-11 20:00:16.884849'),
(3,	1,	'2026-04-17',	14668.91,	11460.08,	3208.82,	240661.75,	'Pending',	'2026-03-11 20:00:16.884849',	'2026-03-11 20:00:16.884849'),
(4,	1,	'2026-05-17',	14668.91,	11460.08,	3208.82,	229201.67,	'Pending',	'2026-03-11 20:00:16.88485',	'2026-03-11 20:00:16.88485'),
(5,	1,	'2026-06-16',	14668.91,	11460.08,	3208.82,	217741.58,	'Pending',	'2026-03-11 20:00:16.88485',	'2026-03-11 20:00:16.88485'),
(6,	1,	'2026-07-16',	14668.91,	11460.08,	3208.82,	206281.50,	'Pending',	'2026-03-11 20:00:16.884851',	'2026-03-11 20:00:16.884851'),
(7,	1,	'2026-08-15',	14668.91,	11460.08,	3208.82,	194821.42,	'Pending',	'2026-03-11 20:00:16.884851',	'2026-03-11 20:00:16.884851'),
(8,	1,	'2026-09-14',	14668.91,	11460.08,	3208.82,	183361.33,	'Pending',	'2026-03-11 20:00:16.884851',	'2026-03-11 20:00:16.884852'),
(9,	1,	'2026-10-14',	14668.91,	11460.08,	3208.82,	171901.25,	'Pending',	'2026-03-11 20:00:16.884852',	'2026-03-11 20:00:16.884852'),
(10,	1,	'2026-11-13',	14668.91,	11460.08,	3208.82,	160441.17,	'Pending',	'2026-03-11 20:00:16.884852',	'2026-03-11 20:00:16.884852'),
(11,	1,	'2026-12-13',	14668.91,	11460.08,	3208.82,	148981.08,	'Pending',	'2026-03-11 20:00:16.884853',	'2026-03-11 20:00:16.884853'),
(12,	1,	'2027-01-12',	14668.91,	11460.08,	3208.82,	137521.00,	'Pending',	'2026-03-11 20:00:16.884853',	'2026-03-11 20:00:16.884853'),
(13,	1,	'2027-02-11',	14668.91,	11460.08,	3208.82,	126060.92,	'Pending',	'2026-03-11 20:00:16.884854',	'2026-03-11 20:00:16.884854'),
(14,	1,	'2027-03-13',	14668.91,	11460.08,	3208.82,	114600.83,	'Pending',	'2026-03-11 20:00:16.884854',	'2026-03-11 20:00:16.884854'),
(15,	1,	'2027-04-12',	14668.91,	11460.08,	3208.82,	103140.75,	'Pending',	'2026-03-11 20:00:16.884854',	'2026-03-11 20:00:16.884855'),
(16,	1,	'2027-05-12',	14668.91,	11460.08,	3208.82,	91680.67,	'Pending',	'2026-03-11 20:00:16.884855',	'2026-03-11 20:00:16.884855'),
(17,	1,	'2027-06-11',	14668.91,	11460.08,	3208.82,	80220.58,	'Pending',	'2026-03-11 20:00:16.884855',	'2026-03-11 20:00:16.884856'),
(18,	1,	'2027-07-11',	14668.91,	11460.08,	3208.82,	68760.50,	'Pending',	'2026-03-11 20:00:16.884856',	'2026-03-11 20:00:16.884856'),
(19,	1,	'2027-08-10',	14668.91,	11460.08,	3208.82,	57300.42,	'Pending',	'2026-03-11 20:00:16.884856',	'2026-03-11 20:00:16.884856'),
(20,	1,	'2027-09-09',	14668.91,	11460.08,	3208.82,	45840.33,	'Pending',	'2026-03-11 20:00:16.884856',	'2026-03-11 20:00:16.884857'),
(21,	1,	'2027-10-09',	14668.91,	11460.08,	3208.82,	34380.25,	'Pending',	'2026-03-11 20:00:16.884857',	'2026-03-11 20:00:16.884857'),
(22,	1,	'2027-11-08',	14668.91,	11460.08,	3208.82,	22920.17,	'Pending',	'2026-03-11 20:00:16.884857',	'2026-03-11 20:00:16.884857'),
(23,	1,	'2027-12-08',	14668.91,	11460.08,	3208.82,	11460.08,	'Pending',	'2026-03-11 20:00:16.884858',	'2026-03-11 20:00:16.884858'),
(24,	1,	'2028-01-07',	14668.91,	11460.08,	3208.82,	0.00,	'Pending',	'2026-03-11 20:00:16.884858',	'2026-03-11 20:00:16.884858'),
(26,	2,	'2025-11-16',	17844.07,	11587.06,	6257.01,	393959.89,	'Pending',	'2026-03-11 20:00:16.889635',	'2026-03-11 20:00:16.889636'),
(27,	2,	'2025-12-16',	17844.07,	11587.06,	6257.01,	382372.83,	'Pending',	'2026-03-11 20:00:16.889636',	'2026-03-11 20:00:16.889636'),
(28,	2,	'2026-01-15',	17844.07,	11587.06,	6257.01,	370785.78,	'Pending',	'2026-03-11 20:00:16.889636',	'2026-03-11 20:00:16.889636'),
(29,	2,	'2026-02-14',	17844.07,	11587.06,	6257.01,	359198.72,	'Pending',	'2026-03-11 20:00:16.889637',	'2026-03-11 20:00:16.889637'),
(30,	2,	'2026-03-16',	17844.07,	11587.06,	6257.01,	347611.67,	'Pending',	'2026-03-11 20:00:16.889637',	'2026-03-11 20:00:16.889637'),
(31,	2,	'2026-04-15',	17844.07,	11587.06,	6257.01,	336024.61,	'Pending',	'2026-03-11 20:00:16.889637',	'2026-03-11 20:00:16.889638'),
(32,	2,	'2026-05-15',	17844.07,	11587.06,	6257.01,	324437.56,	'Pending',	'2026-03-11 20:00:16.889638',	'2026-03-11 20:00:16.889638'),
(33,	2,	'2026-06-14',	17844.07,	11587.06,	6257.01,	312850.50,	'Pending',	'2026-03-11 20:00:16.889638',	'2026-03-11 20:00:16.889638'),
(34,	2,	'2026-07-14',	17844.07,	11587.06,	6257.01,	301263.44,	'Pending',	'2026-03-11 20:00:16.889639',	'2026-03-11 20:00:16.889639'),
(35,	2,	'2026-08-13',	17844.07,	11587.06,	6257.01,	289676.39,	'Pending',	'2026-03-11 20:00:16.889639',	'2026-03-11 20:00:16.889639'),
(36,	2,	'2026-09-12',	17844.07,	11587.06,	6257.01,	278089.33,	'Pending',	'2026-03-11 20:00:16.889639',	'2026-03-11 20:00:16.88964'),
(37,	2,	'2026-10-12',	17844.07,	11587.06,	6257.01,	266502.28,	'Pending',	'2026-03-11 20:00:16.88964',	'2026-03-11 20:00:16.88964'),
(38,	2,	'2026-11-11',	17844.07,	11587.06,	6257.01,	254915.22,	'Pending',	'2026-03-11 20:00:16.88964',	'2026-03-11 20:00:16.88964'),
(39,	2,	'2026-12-11',	17844.07,	11587.06,	6257.01,	243328.17,	'Pending',	'2026-03-11 20:00:16.889641',	'2026-03-11 20:00:16.889641'),
(40,	2,	'2027-01-10',	17844.07,	11587.06,	6257.01,	231741.11,	'Pending',	'2026-03-11 20:00:16.889641',	'2026-03-11 20:00:16.889641'),
(41,	2,	'2027-02-09',	17844.07,	11587.06,	6257.01,	220154.06,	'Pending',	'2026-03-11 20:00:16.889641',	'2026-03-11 20:00:16.889642'),
(42,	2,	'2027-03-11',	17844.07,	11587.06,	6257.01,	208567.00,	'Pending',	'2026-03-11 20:00:16.889642',	'2026-03-11 20:00:16.889642'),
(43,	2,	'2027-04-10',	17844.07,	11587.06,	6257.01,	196979.94,	'Pending',	'2026-03-11 20:00:16.889642',	'2026-03-11 20:00:16.889642'),
(44,	2,	'2027-05-10',	17844.07,	11587.06,	6257.01,	185392.89,	'Pending',	'2026-03-11 20:00:16.889643',	'2026-03-11 20:00:16.889643'),
(45,	2,	'2027-06-09',	17844.07,	11587.06,	6257.01,	173805.83,	'Pending',	'2026-03-11 20:00:16.889643',	'2026-03-11 20:00:16.889643'),
(46,	2,	'2027-07-09',	17844.07,	11587.06,	6257.01,	162218.78,	'Pending',	'2026-03-11 20:00:16.889643',	'2026-03-11 20:00:16.889644'),
(47,	2,	'2027-08-08',	17844.07,	11587.06,	6257.01,	150631.72,	'Pending',	'2026-03-11 20:00:16.889644',	'2026-03-11 20:00:16.889644'),
(48,	2,	'2027-09-07',	17844.07,	11587.06,	6257.01,	139044.67,	'Pending',	'2026-03-11 20:00:16.889644',	'2026-03-11 20:00:16.889645'),
(49,	2,	'2027-10-07',	17844.07,	11587.06,	6257.01,	127457.61,	'Pending',	'2026-03-11 20:00:16.889645',	'2026-03-11 20:00:16.889645'),
(50,	2,	'2027-11-06',	17844.07,	11587.06,	6257.01,	115870.56,	'Pending',	'2026-03-11 20:00:16.889645',	'2026-03-11 20:00:16.889645'),
(51,	2,	'2027-12-06',	17844.07,	11587.06,	6257.01,	104283.50,	'Pending',	'2026-03-11 20:00:16.889646',	'2026-03-11 20:00:16.889646'),
(52,	2,	'2028-01-05',	17844.07,	11587.06,	6257.01,	92696.44,	'Pending',	'2026-03-11 20:00:16.889646',	'2026-03-11 20:00:16.889646'),
(53,	2,	'2028-02-04',	17844.07,	11587.06,	6257.01,	81109.39,	'Pending',	'2026-03-11 20:00:16.889646',	'2026-03-11 20:00:16.889647'),
(54,	2,	'2028-03-05',	17844.07,	11587.06,	6257.01,	69522.33,	'Pending',	'2026-03-11 20:00:16.889647',	'2026-03-11 20:00:16.889647'),
(55,	2,	'2028-04-04',	17844.07,	11587.06,	6257.01,	57935.28,	'Pending',	'2026-03-11 20:00:16.889647',	'2026-03-11 20:00:16.889647'),
(56,	2,	'2028-05-04',	17844.07,	11587.06,	6257.01,	46348.22,	'Pending',	'2026-03-11 20:00:16.889648',	'2026-03-11 20:00:16.889648'),
(57,	2,	'2028-06-03',	17844.07,	11587.06,	6257.01,	34761.17,	'Pending',	'2026-03-11 20:00:16.889648',	'2026-03-11 20:00:16.889648'),
(58,	2,	'2028-07-03',	17844.07,	11587.06,	6257.01,	23174.11,	'Pending',	'2026-03-11 20:00:16.889648',	'2026-03-11 20:00:16.889649'),
(59,	2,	'2028-08-02',	17844.07,	11587.06,	6257.01,	11587.06,	'Pending',	'2026-03-11 20:00:16.889649',	'2026-03-11 20:00:16.889649'),
(60,	2,	'2028-09-01',	17844.07,	11587.06,	6257.01,	0.00,	'Pending',	'2026-03-11 20:00:16.889649',	'2026-03-11 20:00:16.889649'),
(61,	3,	'2026-02-20',	28453.40,	24742.08,	3711.31,	272162.92,	'Pending',	'2026-03-11 20:00:16.8925',	'2026-03-11 20:00:16.892501'),
(62,	3,	'2026-03-22',	28453.40,	24742.08,	3711.31,	247420.83,	'Pending',	'2026-03-11 20:00:16.892501',	'2026-03-11 20:00:16.892501'),
(63,	3,	'2026-04-21',	28453.40,	24742.08,	3711.31,	222678.75,	'Pending',	'2026-03-11 20:00:16.892501',	'2026-03-11 20:00:16.892502'),
(64,	3,	'2026-05-21',	28453.40,	24742.08,	3711.31,	197936.67,	'Pending',	'2026-03-11 20:00:16.892502',	'2026-03-11 20:00:16.892502'),
(65,	3,	'2026-06-20',	28453.40,	24742.08,	3711.31,	173194.58,	'Pending',	'2026-03-11 20:00:16.892502',	'2026-03-11 20:00:16.892502'),
(66,	3,	'2026-07-20',	28453.40,	24742.08,	3711.31,	148452.50,	'Pending',	'2026-03-11 20:00:16.892503',	'2026-03-11 20:00:16.892503'),
(67,	3,	'2026-08-19',	28453.40,	24742.08,	3711.31,	123710.42,	'Pending',	'2026-03-11 20:00:16.892503',	'2026-03-11 20:00:16.892503'),
(68,	3,	'2026-09-18',	28453.40,	24742.08,	3711.31,	98968.33,	'Pending',	'2026-03-11 20:00:16.892503',	'2026-03-11 20:00:16.892504'),
(69,	3,	'2026-10-18',	28453.40,	24742.08,	3711.31,	74226.25,	'Pending',	'2026-03-11 20:00:16.892504',	'2026-03-11 20:00:16.892504'),
(70,	3,	'2026-11-17',	28453.40,	24742.08,	3711.31,	49484.17,	'Pending',	'2026-03-11 20:00:16.892504',	'2026-03-11 20:00:16.892504'),
(71,	3,	'2026-12-17',	28453.40,	24742.08,	3711.31,	24742.08,	'Pending',	'2026-03-11 20:00:16.892505',	'2026-03-11 20:00:16.892505'),
(72,	3,	'2027-01-16',	28453.40,	24742.08,	3711.31,	0.00,	'Pending',	'2026-03-11 20:00:16.892505',	'2026-03-11 20:00:16.892505'),
(75,	4,	'2026-04-26',	36910.68,	26554.44,	10356.23,	876296.67,	'Pending',	'2026-03-11 20:00:16.894733',	'2026-03-11 20:00:16.894733'),
(76,	4,	'2026-05-26',	36910.68,	26554.44,	10356.23,	849742.22,	'Pending',	'2026-03-11 20:00:16.894733',	'2026-03-11 20:00:16.894734'),
(77,	4,	'2026-06-25',	36910.68,	26554.44,	10356.23,	823187.78,	'Pending',	'2026-03-11 20:00:16.894734',	'2026-03-11 20:00:16.894734'),
(78,	4,	'2026-07-25',	36910.68,	26554.44,	10356.23,	796633.33,	'Pending',	'2026-03-11 20:00:16.894734',	'2026-03-11 20:00:16.894734'),
(79,	4,	'2026-08-24',	36910.68,	26554.44,	10356.23,	770078.89,	'Pending',	'2026-03-11 20:00:16.894735',	'2026-03-11 20:00:16.894735'),
(80,	4,	'2026-09-23',	36910.68,	26554.44,	10356.23,	743524.44,	'Pending',	'2026-03-11 20:00:16.894735',	'2026-03-11 20:00:16.894735'),
(81,	4,	'2026-10-23',	36910.68,	26554.44,	10356.23,	716970.00,	'Pending',	'2026-03-11 20:00:16.894735',	'2026-03-11 20:00:16.894736'),
(74,	4,	'2026-03-27',	36910.68,	26554.44,	10356.23,	902851.11,	'Paid',	'2026-03-11 20:00:16.894733',	'2026-03-11 20:25:32.930802'),
(82,	4,	'2026-11-22',	36910.68,	26554.44,	10356.23,	690415.56,	'Pending',	'2026-03-11 20:00:16.894736',	'2026-03-11 20:00:16.894736'),
(83,	4,	'2026-12-22',	36910.68,	26554.44,	10356.23,	663861.11,	'Pending',	'2026-03-11 20:00:16.894736',	'2026-03-11 20:00:16.894736'),
(84,	4,	'2027-01-21',	36910.68,	26554.44,	10356.23,	637306.67,	'Pending',	'2026-03-11 20:00:16.894737',	'2026-03-11 20:00:16.894737'),
(85,	4,	'2027-02-20',	36910.68,	26554.44,	10356.23,	610752.22,	'Pending',	'2026-03-11 20:00:16.894737',	'2026-03-11 20:00:16.894737'),
(86,	4,	'2027-03-22',	36910.68,	26554.44,	10356.23,	584197.78,	'Pending',	'2026-03-11 20:00:16.894737',	'2026-03-11 20:00:16.894738'),
(87,	4,	'2027-04-21',	36910.68,	26554.44,	10356.23,	557643.33,	'Pending',	'2026-03-11 20:00:16.894738',	'2026-03-11 20:00:16.894738'),
(88,	4,	'2027-05-21',	36910.68,	26554.44,	10356.23,	531088.89,	'Pending',	'2026-03-11 20:00:16.894738',	'2026-03-11 20:00:16.894738'),
(89,	4,	'2027-06-20',	36910.68,	26554.44,	10356.23,	504534.44,	'Pending',	'2026-03-11 20:00:16.894738',	'2026-03-11 20:00:16.894739'),
(90,	4,	'2027-07-20',	36910.68,	26554.44,	10356.23,	477980.00,	'Pending',	'2026-03-11 20:00:16.894739',	'2026-03-11 20:00:16.894739'),
(91,	4,	'2027-08-19',	36910.68,	26554.44,	10356.23,	451425.56,	'Pending',	'2026-03-11 20:00:16.894739',	'2026-03-11 20:00:16.894739'),
(92,	4,	'2027-09-18',	36910.68,	26554.44,	10356.23,	424871.11,	'Pending',	'2026-03-11 20:00:16.89474',	'2026-03-11 20:00:16.89474'),
(93,	4,	'2027-10-18',	36910.68,	26554.44,	10356.23,	398316.67,	'Pending',	'2026-03-11 20:00:16.89474',	'2026-03-11 20:00:16.89474'),
(94,	4,	'2027-11-17',	36910.68,	26554.44,	10356.23,	371762.22,	'Pending',	'2026-03-11 20:00:16.89474',	'2026-03-11 20:00:16.89474'),
(95,	4,	'2027-12-17',	36910.68,	26554.44,	10356.23,	345207.78,	'Pending',	'2026-03-11 20:00:16.894741',	'2026-03-11 20:00:16.894741'),
(96,	4,	'2028-01-16',	36910.68,	26554.44,	10356.23,	318653.33,	'Pending',	'2026-03-11 20:00:16.894741',	'2026-03-11 20:00:16.894741'),
(97,	4,	'2028-02-15',	36910.68,	26554.44,	10356.23,	292098.89,	'Pending',	'2026-03-11 20:00:16.894741',	'2026-03-11 20:00:16.894741'),
(98,	4,	'2028-03-16',	36910.68,	26554.44,	10356.23,	265544.44,	'Pending',	'2026-03-11 20:00:16.894742',	'2026-03-11 20:00:16.894742'),
(99,	4,	'2028-04-15',	36910.68,	26554.44,	10356.23,	238990.00,	'Pending',	'2026-03-11 20:00:16.894742',	'2026-03-11 20:00:16.894742'),
(100,	4,	'2028-05-15',	36910.68,	26554.44,	10356.23,	212435.56,	'Pending',	'2026-03-11 20:00:16.894742',	'2026-03-11 20:00:16.894743'),
(101,	4,	'2028-06-14',	36910.68,	26554.44,	10356.23,	185881.11,	'Pending',	'2026-03-11 20:00:16.894743',	'2026-03-11 20:00:16.894743'),
(102,	4,	'2028-07-14',	36910.68,	26554.44,	10356.23,	159326.67,	'Pending',	'2026-03-11 20:00:16.894743',	'2026-03-11 20:00:16.894743'),
(103,	4,	'2028-08-13',	36910.68,	26554.44,	10356.23,	132772.22,	'Pending',	'2026-03-11 20:00:16.894743',	'2026-03-11 20:00:16.894744'),
(104,	4,	'2028-09-12',	36910.68,	26554.44,	10356.23,	106217.78,	'Pending',	'2026-03-11 20:00:16.894744',	'2026-03-11 20:00:16.894744'),
(105,	4,	'2028-10-12',	36910.68,	26554.44,	10356.23,	79663.33,	'Pending',	'2026-03-11 20:00:16.894744',	'2026-03-11 20:00:16.894744'),
(106,	4,	'2028-11-11',	36910.68,	26554.44,	10356.23,	53108.89,	'Pending',	'2026-03-11 20:00:16.894745',	'2026-03-11 20:00:16.894745'),
(107,	4,	'2028-12-11',	36910.68,	26554.44,	10356.23,	26554.44,	'Pending',	'2026-03-11 20:00:16.894745',	'2026-03-11 20:00:16.894745'),
(108,	4,	'2029-01-10',	36910.68,	26554.44,	10356.23,	0.00,	'Pending',	'2026-03-11 20:00:16.894745',	'2026-03-11 20:00:16.894745'),
(111,	5,	'2025-11-18',	32912.22,	24746.03,	8166.19,	816618.92,	'Pending',	'2026-03-11 20:00:16.898515',	'2026-03-11 20:00:16.898515'),
(112,	5,	'2025-12-18',	32912.22,	24746.03,	8166.19,	791872.89,	'Pending',	'2026-03-11 20:00:16.898515',	'2026-03-11 20:00:16.898515'),
(113,	5,	'2026-01-17',	32912.22,	24746.03,	8166.19,	767126.86,	'Pending',	'2026-03-11 20:00:16.898516',	'2026-03-11 20:00:16.898516'),
(114,	5,	'2026-02-16',	32912.22,	24746.03,	8166.19,	742380.83,	'Pending',	'2026-03-11 20:00:16.898516',	'2026-03-11 20:00:16.898516'),
(115,	5,	'2026-03-18',	32912.22,	24746.03,	8166.19,	717634.81,	'Pending',	'2026-03-11 20:00:16.898516',	'2026-03-11 20:00:16.898516'),
(116,	5,	'2026-04-17',	32912.22,	24746.03,	8166.19,	692888.78,	'Pending',	'2026-03-11 20:00:16.898517',	'2026-03-11 20:00:16.898517'),
(117,	5,	'2026-05-17',	32912.22,	24746.03,	8166.19,	668142.75,	'Pending',	'2026-03-11 20:00:16.898517',	'2026-03-11 20:00:16.898517'),
(118,	5,	'2026-06-16',	32912.22,	24746.03,	8166.19,	643396.72,	'Pending',	'2026-03-11 20:00:16.898517',	'2026-03-11 20:00:16.898518'),
(119,	5,	'2026-07-16',	32912.22,	24746.03,	8166.19,	618650.69,	'Pending',	'2026-03-11 20:00:16.898518',	'2026-03-11 20:00:16.898518'),
(120,	5,	'2026-08-15',	32912.22,	24746.03,	8166.19,	593904.67,	'Pending',	'2026-03-11 20:00:16.898518',	'2026-03-11 20:00:16.898518'),
(121,	5,	'2026-09-14',	32912.22,	24746.03,	8166.19,	569158.64,	'Pending',	'2026-03-11 20:00:16.898519',	'2026-03-11 20:00:16.898519'),
(122,	5,	'2026-10-14',	32912.22,	24746.03,	8166.19,	544412.61,	'Pending',	'2026-03-11 20:00:16.898519',	'2026-03-11 20:00:16.898519'),
(123,	5,	'2026-11-13',	32912.22,	24746.03,	8166.19,	519666.58,	'Pending',	'2026-03-11 20:00:16.898519',	'2026-03-11 20:00:16.898519'),
(124,	5,	'2026-12-13',	32912.22,	24746.03,	8166.19,	494920.56,	'Pending',	'2026-03-11 20:00:16.89852',	'2026-03-11 20:00:16.89852'),
(125,	5,	'2027-01-12',	32912.22,	24746.03,	8166.19,	470174.53,	'Pending',	'2026-03-11 20:00:16.89852',	'2026-03-11 20:00:16.89852'),
(126,	5,	'2027-02-11',	32912.22,	24746.03,	8166.19,	445428.50,	'Pending',	'2026-03-11 20:00:16.89852',	'2026-03-11 20:00:16.898521'),
(127,	5,	'2027-03-13',	32912.22,	24746.03,	8166.19,	420682.47,	'Pending',	'2026-03-11 20:00:16.898521',	'2026-03-11 20:00:16.898521'),
(128,	5,	'2027-04-12',	32912.22,	24746.03,	8166.19,	395936.44,	'Pending',	'2026-03-11 20:00:16.898521',	'2026-03-11 20:00:16.898521'),
(129,	5,	'2027-05-12',	32912.22,	24746.03,	8166.19,	371190.42,	'Pending',	'2026-03-11 20:00:16.898521',	'2026-03-11 20:00:16.898522'),
(130,	5,	'2027-06-11',	32912.22,	24746.03,	8166.19,	346444.39,	'Pending',	'2026-03-11 20:00:16.898522',	'2026-03-11 20:00:16.898522'),
(131,	5,	'2027-07-11',	32912.22,	24746.03,	8166.19,	321698.36,	'Pending',	'2026-03-11 20:00:16.898522',	'2026-03-11 20:00:16.898522'),
(132,	5,	'2027-08-10',	32912.22,	24746.03,	8166.19,	296952.33,	'Pending',	'2026-03-11 20:00:16.898523',	'2026-03-11 20:00:16.898523'),
(133,	5,	'2027-09-09',	32912.22,	24746.03,	8166.19,	272206.31,	'Pending',	'2026-03-11 20:00:16.898523',	'2026-03-11 20:00:16.898523'),
(134,	5,	'2027-10-09',	32912.22,	24746.03,	8166.19,	247460.28,	'Pending',	'2026-03-11 20:00:16.898523',	'2026-03-11 20:00:16.898523'),
(135,	5,	'2027-11-08',	32912.22,	24746.03,	8166.19,	222714.25,	'Pending',	'2026-03-11 20:00:16.898524',	'2026-03-11 20:00:16.898524'),
(136,	5,	'2027-12-08',	32912.22,	24746.03,	8166.19,	197968.22,	'Pending',	'2026-03-11 20:00:16.898524',	'2026-03-11 20:00:16.898524'),
(137,	5,	'2028-01-07',	32912.22,	24746.03,	8166.19,	173222.19,	'Pending',	'2026-03-11 20:00:16.898524',	'2026-03-11 20:00:16.898525'),
(138,	5,	'2028-02-06',	32912.22,	24746.03,	8166.19,	148476.17,	'Pending',	'2026-03-11 20:00:16.898525',	'2026-03-11 20:00:16.898525'),
(139,	5,	'2028-03-07',	32912.22,	24746.03,	8166.19,	123730.14,	'Pending',	'2026-03-11 20:00:16.898525',	'2026-03-11 20:00:16.898525'),
(140,	5,	'2028-04-06',	32912.22,	24746.03,	8166.19,	98984.11,	'Pending',	'2026-03-11 20:00:16.898525',	'2026-03-11 20:00:16.898526'),
(141,	5,	'2028-05-06',	32912.22,	24746.03,	8166.19,	74238.08,	'Pending',	'2026-03-11 20:00:16.898526',	'2026-03-11 20:00:16.898526'),
(142,	5,	'2028-06-05',	32912.22,	24746.03,	8166.19,	49492.06,	'Pending',	'2026-03-11 20:00:16.898526',	'2026-03-11 20:00:16.898526'),
(143,	5,	'2028-07-05',	32912.22,	24746.03,	8166.19,	24746.03,	'Pending',	'2026-03-11 20:00:16.898527',	'2026-03-11 20:00:16.898527'),
(144,	5,	'2028-08-04',	32912.22,	24746.03,	8166.19,	0.00,	'Pending',	'2026-03-11 20:00:16.898527',	'2026-03-11 20:00:16.898527'),
(147,	6,	'2026-02-22',	16771.34,	12901.03,	3870.31,	425733.92,	'Pending',	'2026-03-11 20:00:16.901642',	'2026-03-11 20:00:16.901642'),
(148,	6,	'2026-03-24',	16771.34,	12901.03,	3870.31,	412832.89,	'Pending',	'2026-03-11 20:00:16.901642',	'2026-03-11 20:00:16.901642'),
(149,	6,	'2026-04-23',	16771.34,	12901.03,	3870.31,	399931.86,	'Pending',	'2026-03-11 20:00:16.901643',	'2026-03-11 20:00:16.901643'),
(150,	6,	'2026-05-23',	16771.34,	12901.03,	3870.31,	387030.83,	'Pending',	'2026-03-11 20:00:16.901643',	'2026-03-11 20:00:16.901643'),
(151,	6,	'2026-06-22',	16771.34,	12901.03,	3870.31,	374129.81,	'Pending',	'2026-03-11 20:00:16.901643',	'2026-03-11 20:00:16.901644'),
(152,	6,	'2026-07-22',	16771.34,	12901.03,	3870.31,	361228.78,	'Pending',	'2026-03-11 20:00:16.901644',	'2026-03-11 20:00:16.901644'),
(153,	6,	'2026-08-21',	16771.34,	12901.03,	3870.31,	348327.75,	'Pending',	'2026-03-11 20:00:16.901644',	'2026-03-11 20:00:16.901644'),
(154,	6,	'2026-09-20',	16771.34,	12901.03,	3870.31,	335426.72,	'Pending',	'2026-03-11 20:00:16.901644',	'2026-03-11 20:00:16.901645'),
(155,	6,	'2026-10-20',	16771.34,	12901.03,	3870.31,	322525.69,	'Pending',	'2026-03-11 20:00:16.901645',	'2026-03-11 20:00:16.901645'),
(156,	6,	'2026-11-19',	16771.34,	12901.03,	3870.31,	309624.67,	'Pending',	'2026-03-11 20:00:16.901645',	'2026-03-11 20:00:16.901645'),
(157,	6,	'2026-12-19',	16771.34,	12901.03,	3870.31,	296723.64,	'Pending',	'2026-03-11 20:00:16.901646',	'2026-03-11 20:00:16.901646'),
(158,	6,	'2027-01-18',	16771.34,	12901.03,	3870.31,	283822.61,	'Pending',	'2026-03-11 20:00:16.901646',	'2026-03-11 20:00:16.901646'),
(159,	6,	'2027-02-17',	16771.34,	12901.03,	3870.31,	270921.58,	'Pending',	'2026-03-11 20:00:16.901646',	'2026-03-11 20:00:16.901646'),
(160,	6,	'2027-03-19',	16771.34,	12901.03,	3870.31,	258020.56,	'Pending',	'2026-03-11 20:00:16.901647',	'2026-03-11 20:00:16.901647'),
(161,	6,	'2027-04-18',	16771.34,	12901.03,	3870.31,	245119.53,	'Pending',	'2026-03-11 20:00:16.901647',	'2026-03-11 20:00:16.901647'),
(162,	6,	'2027-05-18',	16771.34,	12901.03,	3870.31,	232218.50,	'Pending',	'2026-03-11 20:00:16.901647',	'2026-03-11 20:00:16.901648'),
(110,	5,	'2025-10-19',	32912.22,	24746.03,	8166.19,	841364.94,	'Paid',	'2026-03-11 20:00:16.898514',	'2026-03-11 20:25:32.930803'),
(146,	6,	'2026-01-23',	16771.34,	12901.03,	3870.31,	438634.94,	'Paid',	'2026-03-11 20:00:16.901641',	'2026-03-11 20:25:32.930803'),
(163,	6,	'2027-06-17',	16771.34,	12901.03,	3870.31,	219317.47,	'Pending',	'2026-03-11 20:00:16.901648',	'2026-03-11 20:00:16.901648'),
(164,	6,	'2027-07-17',	16771.34,	12901.03,	3870.31,	206416.44,	'Pending',	'2026-03-11 20:00:16.901648',	'2026-03-11 20:00:16.901648'),
(165,	6,	'2027-08-16',	16771.34,	12901.03,	3870.31,	193515.42,	'Pending',	'2026-03-11 20:00:16.901648',	'2026-03-11 20:00:16.901649'),
(166,	6,	'2027-09-15',	16771.34,	12901.03,	3870.31,	180614.39,	'Pending',	'2026-03-11 20:00:16.901649',	'2026-03-11 20:00:16.901649'),
(167,	6,	'2027-10-15',	16771.34,	12901.03,	3870.31,	167713.36,	'Pending',	'2026-03-11 20:00:16.901649',	'2026-03-11 20:00:16.901649'),
(168,	6,	'2027-11-14',	16771.34,	12901.03,	3870.31,	154812.33,	'Pending',	'2026-03-11 20:00:16.90165',	'2026-03-11 20:00:16.90165'),
(169,	6,	'2027-12-14',	16771.34,	12901.03,	3870.31,	141911.31,	'Pending',	'2026-03-11 20:00:16.90165',	'2026-03-11 20:00:16.90165'),
(170,	6,	'2028-01-13',	16771.34,	12901.03,	3870.31,	129010.28,	'Pending',	'2026-03-11 20:00:16.90165',	'2026-03-11 20:00:16.90165'),
(171,	6,	'2028-02-12',	16771.34,	12901.03,	3870.31,	116109.25,	'Pending',	'2026-03-11 20:00:16.901651',	'2026-03-11 20:00:16.901651'),
(172,	6,	'2028-03-13',	16771.34,	12901.03,	3870.31,	103208.22,	'Pending',	'2026-03-11 20:00:16.901651',	'2026-03-11 20:00:16.901651'),
(173,	6,	'2028-04-12',	16771.34,	12901.03,	3870.31,	90307.19,	'Pending',	'2026-03-11 20:00:16.901651',	'2026-03-11 20:00:16.901652'),
(174,	6,	'2028-05-12',	16771.34,	12901.03,	3870.31,	77406.17,	'Pending',	'2026-03-11 20:00:16.901652',	'2026-03-11 20:00:16.901652'),
(175,	6,	'2028-06-11',	16771.34,	12901.03,	3870.31,	64505.14,	'Pending',	'2026-03-11 20:00:16.901652',	'2026-03-11 20:00:16.901652'),
(176,	6,	'2028-07-11',	16771.34,	12901.03,	3870.31,	51604.11,	'Pending',	'2026-03-11 20:00:16.901652',	'2026-03-11 20:00:16.901653'),
(177,	6,	'2028-08-10',	16771.34,	12901.03,	3870.31,	38703.08,	'Pending',	'2026-03-11 20:00:16.901653',	'2026-03-11 20:00:16.901653'),
(178,	6,	'2028-09-09',	16771.34,	12901.03,	3870.31,	25802.06,	'Pending',	'2026-03-11 20:00:16.901653',	'2026-03-11 20:00:16.901653'),
(179,	6,	'2028-10-09',	16771.34,	12901.03,	3870.31,	12901.03,	'Pending',	'2026-03-11 20:00:16.901654',	'2026-03-11 20:00:16.901654'),
(180,	6,	'2028-11-08',	16771.34,	12901.03,	3870.31,	0.00,	'Pending',	'2026-03-11 20:00:16.901654',	'2026-03-11 20:00:16.901654'),
(182,	7,	'2025-10-26',	47751.31,	37305.71,	10445.60,	820725.58,	'Pending',	'2026-03-11 20:00:16.904362',	'2026-03-11 20:00:16.904362'),
(183,	7,	'2025-11-25',	47751.31,	37305.71,	10445.60,	783419.88,	'Pending',	'2026-03-11 20:00:16.904362',	'2026-03-11 20:00:16.904362'),
(184,	7,	'2025-12-25',	47751.31,	37305.71,	10445.60,	746114.17,	'Pending',	'2026-03-11 20:00:16.904362',	'2026-03-11 20:00:16.904363'),
(185,	7,	'2026-01-24',	47751.31,	37305.71,	10445.60,	708808.46,	'Pending',	'2026-03-11 20:00:16.904363',	'2026-03-11 20:00:16.904363'),
(186,	7,	'2026-02-23',	47751.31,	37305.71,	10445.60,	671502.75,	'Pending',	'2026-03-11 20:00:16.904363',	'2026-03-11 20:00:16.904363'),
(187,	7,	'2026-03-25',	47751.31,	37305.71,	10445.60,	634197.04,	'Pending',	'2026-03-11 20:00:16.904364',	'2026-03-11 20:00:16.904364'),
(188,	7,	'2026-04-24',	47751.31,	37305.71,	10445.60,	596891.33,	'Pending',	'2026-03-11 20:00:16.904364',	'2026-03-11 20:00:16.904364'),
(189,	7,	'2026-05-24',	47751.31,	37305.71,	10445.60,	559585.63,	'Pending',	'2026-03-11 20:00:16.904364',	'2026-03-11 20:00:16.904365'),
(190,	7,	'2026-06-23',	47751.31,	37305.71,	10445.60,	522279.92,	'Pending',	'2026-03-11 20:00:16.904365',	'2026-03-11 20:00:16.904365'),
(191,	7,	'2026-07-23',	47751.31,	37305.71,	10445.60,	484974.21,	'Pending',	'2026-03-11 20:00:16.904365',	'2026-03-11 20:00:16.904365'),
(192,	7,	'2026-08-22',	47751.31,	37305.71,	10445.60,	447668.50,	'Pending',	'2026-03-11 20:00:16.904365',	'2026-03-11 20:00:16.904366'),
(193,	7,	'2026-09-21',	47751.31,	37305.71,	10445.60,	410362.79,	'Pending',	'2026-03-11 20:00:16.904366',	'2026-03-11 20:00:16.904366'),
(194,	7,	'2026-10-21',	47751.31,	37305.71,	10445.60,	373057.08,	'Pending',	'2026-03-11 20:00:16.904366',	'2026-03-11 20:00:16.904366'),
(195,	7,	'2026-11-20',	47751.31,	37305.71,	10445.60,	335751.38,	'Pending',	'2026-03-11 20:00:16.904367',	'2026-03-11 20:00:16.904367'),
(196,	7,	'2026-12-20',	47751.31,	37305.71,	10445.60,	298445.67,	'Pending',	'2026-03-11 20:00:16.904367',	'2026-03-11 20:00:16.904367'),
(197,	7,	'2027-01-19',	47751.31,	37305.71,	10445.60,	261139.96,	'Pending',	'2026-03-11 20:00:16.904367',	'2026-03-11 20:00:16.904368'),
(198,	7,	'2027-02-18',	47751.31,	37305.71,	10445.60,	223834.25,	'Pending',	'2026-03-11 20:00:16.904368',	'2026-03-11 20:00:16.904368'),
(199,	7,	'2027-03-20',	47751.31,	37305.71,	10445.60,	186528.54,	'Pending',	'2026-03-11 20:00:16.904368',	'2026-03-11 20:00:16.904368'),
(200,	7,	'2027-04-19',	47751.31,	37305.71,	10445.60,	149222.83,	'Pending',	'2026-03-11 20:00:16.904368',	'2026-03-11 20:00:16.904369'),
(201,	7,	'2027-05-19',	47751.31,	37305.71,	10445.60,	111917.13,	'Pending',	'2026-03-11 20:00:16.904369',	'2026-03-11 20:00:16.904369'),
(202,	7,	'2027-06-18',	47751.31,	37305.71,	10445.60,	74611.42,	'Pending',	'2026-03-11 20:00:16.904369',	'2026-03-11 20:00:16.904369'),
(203,	7,	'2027-07-18',	47751.31,	37305.71,	10445.60,	37305.71,	'Pending',	'2026-03-11 20:00:16.90437',	'2026-03-11 20:00:16.90437'),
(204,	7,	'2027-08-17',	47751.31,	37305.71,	10445.60,	0.00,	'Pending',	'2026-03-11 20:00:16.90437',	'2026-03-11 20:00:16.90437'),
(207,	8,	'2026-05-01',	60384.67,	50743.42,	9641.25,	456690.75,	'Pending',	'2026-03-11 20:00:16.906429',	'2026-03-11 20:00:16.906429'),
(208,	8,	'2026-05-31',	60384.67,	50743.42,	9641.25,	405947.33,	'Pending',	'2026-03-11 20:00:16.906429',	'2026-03-11 20:00:16.906429'),
(209,	8,	'2026-06-30',	60384.67,	50743.42,	9641.25,	355203.92,	'Pending',	'2026-03-11 20:00:16.90643',	'2026-03-11 20:00:16.90643'),
(210,	8,	'2026-07-30',	60384.67,	50743.42,	9641.25,	304460.50,	'Pending',	'2026-03-11 20:00:16.90643',	'2026-03-11 20:00:16.90643'),
(211,	8,	'2026-08-29',	60384.67,	50743.42,	9641.25,	253717.08,	'Pending',	'2026-03-11 20:00:16.906431',	'2026-03-11 20:00:16.906431'),
(212,	8,	'2026-09-28',	60384.67,	50743.42,	9641.25,	202973.67,	'Pending',	'2026-03-11 20:00:16.906431',	'2026-03-11 20:00:16.906431'),
(213,	8,	'2026-10-28',	60384.67,	50743.42,	9641.25,	152230.25,	'Pending',	'2026-03-11 20:00:16.906431',	'2026-03-11 20:00:16.906431'),
(214,	8,	'2026-11-27',	60384.67,	50743.42,	9641.25,	101486.83,	'Pending',	'2026-03-11 20:00:16.906432',	'2026-03-11 20:00:16.906432'),
(215,	8,	'2026-12-27',	60384.67,	50743.42,	9641.25,	50743.42,	'Pending',	'2026-03-11 20:00:16.906432',	'2026-03-11 20:00:16.906432'),
(216,	8,	'2027-01-26',	60384.67,	50743.42,	9641.25,	0.00,	'Pending',	'2026-03-11 20:00:16.906432',	'2026-03-11 20:00:16.906433'),
(219,	9,	'2026-01-20',	26737.40,	21562.42,	5174.98,	452810.75,	'Pending',	'2026-03-11 20:00:16.908675',	'2026-03-11 20:00:16.908675'),
(220,	9,	'2026-02-19',	26737.40,	21562.42,	5174.98,	431248.33,	'Pending',	'2026-03-11 20:00:16.908676',	'2026-03-11 20:00:16.908676'),
(221,	9,	'2026-03-21',	26737.40,	21562.42,	5174.98,	409685.92,	'Pending',	'2026-03-11 20:00:16.908676',	'2026-03-11 20:00:16.908676'),
(222,	9,	'2026-04-20',	26737.40,	21562.42,	5174.98,	388123.50,	'Pending',	'2026-03-11 20:00:16.908676',	'2026-03-11 20:00:16.908677'),
(223,	9,	'2026-05-20',	26737.40,	21562.42,	5174.98,	366561.08,	'Pending',	'2026-03-11 20:00:16.908677',	'2026-03-11 20:00:16.908677'),
(224,	9,	'2026-06-19',	26737.40,	21562.42,	5174.98,	344998.67,	'Pending',	'2026-03-11 20:00:16.908677',	'2026-03-11 20:00:16.908678'),
(225,	9,	'2026-07-19',	26737.40,	21562.42,	5174.98,	323436.25,	'Pending',	'2026-03-11 20:00:16.908678',	'2026-03-11 20:00:16.908678'),
(226,	9,	'2026-08-18',	26737.40,	21562.42,	5174.98,	301873.83,	'Pending',	'2026-03-11 20:00:16.908678',	'2026-03-11 20:00:16.908678'),
(227,	9,	'2026-09-17',	26737.40,	21562.42,	5174.98,	280311.42,	'Pending',	'2026-03-11 20:00:16.908679',	'2026-03-11 20:00:16.908679'),
(228,	9,	'2026-10-17',	26737.40,	21562.42,	5174.98,	258749.00,	'Pending',	'2026-03-11 20:00:16.908679',	'2026-03-11 20:00:16.908679'),
(229,	9,	'2026-11-16',	26737.40,	21562.42,	5174.98,	237186.58,	'Pending',	'2026-03-11 20:00:16.908679',	'2026-03-11 20:00:16.908679'),
(230,	9,	'2026-12-16',	26737.40,	21562.42,	5174.98,	215624.17,	'Pending',	'2026-03-11 20:00:16.90868',	'2026-03-11 20:00:16.90868'),
(231,	9,	'2027-01-15',	26737.40,	21562.42,	5174.98,	194061.75,	'Pending',	'2026-03-11 20:00:16.90868',	'2026-03-11 20:00:16.90868'),
(232,	9,	'2027-02-14',	26737.40,	21562.42,	5174.98,	172499.33,	'Pending',	'2026-03-11 20:00:16.90868',	'2026-03-11 20:00:16.908681'),
(233,	9,	'2027-03-16',	26737.40,	21562.42,	5174.98,	150936.92,	'Pending',	'2026-03-11 20:00:16.908681',	'2026-03-11 20:00:16.908681'),
(234,	9,	'2027-04-15',	26737.40,	21562.42,	5174.98,	129374.50,	'Pending',	'2026-03-11 20:00:16.908681',	'2026-03-11 20:00:16.908682'),
(235,	9,	'2027-05-15',	26737.40,	21562.42,	5174.98,	107812.08,	'Pending',	'2026-03-11 20:00:16.908682',	'2026-03-11 20:00:16.908682'),
(236,	9,	'2027-06-14',	26737.40,	21562.42,	5174.98,	86249.67,	'Pending',	'2026-03-11 20:00:16.908682',	'2026-03-11 20:00:16.908682'),
(237,	9,	'2027-07-14',	26737.40,	21562.42,	5174.98,	64687.25,	'Pending',	'2026-03-11 20:00:16.908683',	'2026-03-11 20:00:16.908683'),
(238,	9,	'2027-08-13',	26737.40,	21562.42,	5174.98,	43124.83,	'Pending',	'2026-03-11 20:00:16.908683',	'2026-03-11 20:00:16.908683'),
(239,	9,	'2027-09-12',	26737.40,	21562.42,	5174.98,	21562.42,	'Pending',	'2026-03-11 20:00:16.908683',	'2026-03-11 20:00:16.908683'),
(240,	9,	'2027-10-12',	26737.40,	21562.42,	5174.98,	0.00,	'Pending',	'2026-03-11 20:00:16.908684',	'2026-03-11 20:00:16.908684'),
(243,	10,	'2026-02-10',	62660.05,	51785.17,	10874.89,	466066.50,	'Pending',	'2026-03-11 20:00:16.911118',	'2026-03-11 20:00:16.911118'),
(206,	8,	'2026-04-01',	60384.67,	50743.42,	9641.25,	507434.17,	'Paid',	'2026-03-11 20:00:16.906428',	'2026-03-11 20:25:32.930803'),
(218,	9,	'2025-12-21',	26737.40,	21562.42,	5174.98,	474373.17,	'Paid',	'2026-03-11 20:00:16.908675',	'2026-03-11 20:25:32.930804'),
(242,	10,	'2026-01-11',	62660.05,	51785.17,	10874.89,	517851.67,	'Paid',	'2026-03-11 20:00:16.911118',	'2026-03-11 20:25:32.930804'),
(244,	10,	'2026-03-12',	62660.05,	51785.17,	10874.89,	414281.33,	'Pending',	'2026-03-11 20:00:16.911119',	'2026-03-11 20:00:16.911119'),
(245,	10,	'2026-04-11',	62660.05,	51785.17,	10874.89,	362496.17,	'Pending',	'2026-03-11 20:00:16.911119',	'2026-03-11 20:00:16.911119'),
(246,	10,	'2026-05-11',	62660.05,	51785.17,	10874.89,	310711.00,	'Pending',	'2026-03-11 20:00:16.91112',	'2026-03-11 20:00:16.91112'),
(247,	10,	'2026-06-10',	62660.05,	51785.17,	10874.89,	258925.83,	'Pending',	'2026-03-11 20:00:16.91112',	'2026-03-11 20:00:16.91112'),
(248,	10,	'2026-07-10',	62660.05,	51785.17,	10874.89,	207140.67,	'Pending',	'2026-03-11 20:00:16.91112',	'2026-03-11 20:00:16.911121'),
(249,	10,	'2026-08-09',	62660.05,	51785.17,	10874.89,	155355.50,	'Pending',	'2026-03-11 20:00:16.911121',	'2026-03-11 20:00:16.911121'),
(250,	10,	'2026-09-08',	62660.05,	51785.17,	10874.89,	103570.33,	'Pending',	'2026-03-11 20:00:16.911121',	'2026-03-11 20:00:16.911121'),
(251,	10,	'2026-10-08',	62660.05,	51785.17,	10874.89,	51785.17,	'Pending',	'2026-03-11 20:00:16.911122',	'2026-03-11 20:00:16.911122'),
(252,	10,	'2026-11-07',	62660.05,	51785.17,	10874.89,	0.00,	'Pending',	'2026-03-11 20:00:16.911122',	'2026-03-11 20:00:16.911122'),
(255,	11,	'2025-11-18',	14925.93,	11222.50,	3703.43,	370342.50,	'Pending',	'2026-03-11 20:00:16.91395',	'2026-03-11 20:00:16.91395'),
(256,	11,	'2025-12-18',	14925.93,	11222.50,	3703.43,	359120.00,	'Pending',	'2026-03-11 20:00:16.913951',	'2026-03-11 20:00:16.913951'),
(257,	11,	'2026-01-17',	14925.93,	11222.50,	3703.43,	347897.50,	'Pending',	'2026-03-11 20:00:16.913951',	'2026-03-11 20:00:16.913951'),
(258,	11,	'2026-02-16',	14925.93,	11222.50,	3703.43,	336675.00,	'Pending',	'2026-03-11 20:00:16.913952',	'2026-03-11 20:00:16.913952'),
(259,	11,	'2026-03-18',	14925.93,	11222.50,	3703.43,	325452.50,	'Pending',	'2026-03-11 20:00:16.913952',	'2026-03-11 20:00:16.913952'),
(260,	11,	'2026-04-17',	14925.93,	11222.50,	3703.43,	314230.00,	'Pending',	'2026-03-11 20:00:16.913952',	'2026-03-11 20:00:16.913953'),
(261,	11,	'2026-05-17',	14925.93,	11222.50,	3703.43,	303007.50,	'Pending',	'2026-03-11 20:00:16.913953',	'2026-03-11 20:00:16.913953'),
(262,	11,	'2026-06-16',	14925.93,	11222.50,	3703.43,	291785.00,	'Pending',	'2026-03-11 20:00:16.913953',	'2026-03-11 20:00:16.913953'),
(263,	11,	'2026-07-16',	14925.93,	11222.50,	3703.43,	280562.50,	'Pending',	'2026-03-11 20:00:16.913954',	'2026-03-11 20:00:16.913954'),
(264,	11,	'2026-08-15',	14925.93,	11222.50,	3703.43,	269340.00,	'Pending',	'2026-03-11 20:00:16.913954',	'2026-03-11 20:00:16.913954'),
(265,	11,	'2026-09-14',	14925.93,	11222.50,	3703.43,	258117.50,	'Pending',	'2026-03-11 20:00:16.913954',	'2026-03-11 20:00:16.913955'),
(266,	11,	'2026-10-14',	14925.93,	11222.50,	3703.43,	246895.00,	'Pending',	'2026-03-11 20:00:16.913955',	'2026-03-11 20:00:16.913955'),
(267,	11,	'2026-11-13',	14925.93,	11222.50,	3703.43,	235672.50,	'Pending',	'2026-03-11 20:00:16.913955',	'2026-03-11 20:00:16.913955'),
(268,	11,	'2026-12-13',	14925.93,	11222.50,	3703.43,	224450.00,	'Pending',	'2026-03-11 20:00:16.913956',	'2026-03-11 20:00:16.913956'),
(269,	11,	'2027-01-12',	14925.93,	11222.50,	3703.43,	213227.50,	'Pending',	'2026-03-11 20:00:16.913956',	'2026-03-11 20:00:16.913956'),
(270,	11,	'2027-02-11',	14925.93,	11222.50,	3703.43,	202005.00,	'Pending',	'2026-03-11 20:00:16.913965',	'2026-03-11 20:00:16.913965'),
(271,	11,	'2027-03-13',	14925.93,	11222.50,	3703.43,	190782.50,	'Pending',	'2026-03-11 20:00:16.913965',	'2026-03-11 20:00:16.913965'),
(272,	11,	'2027-04-12',	14925.93,	11222.50,	3703.43,	179560.00,	'Pending',	'2026-03-11 20:00:16.913965',	'2026-03-11 20:00:16.913965'),
(273,	11,	'2027-05-12',	14925.93,	11222.50,	3703.43,	168337.50,	'Pending',	'2026-03-11 20:00:16.913966',	'2026-03-11 20:00:16.913966'),
(274,	11,	'2027-06-11',	14925.93,	11222.50,	3703.43,	157115.00,	'Pending',	'2026-03-11 20:00:16.913966',	'2026-03-11 20:00:16.913966'),
(275,	11,	'2027-07-11',	14925.93,	11222.50,	3703.43,	145892.50,	'Pending',	'2026-03-11 20:00:16.913966',	'2026-03-11 20:00:16.913967'),
(276,	11,	'2027-08-10',	14925.93,	11222.50,	3703.43,	134670.00,	'Pending',	'2026-03-11 20:00:16.913967',	'2026-03-11 20:00:16.913967'),
(277,	11,	'2027-09-09',	14925.93,	11222.50,	3703.43,	123447.50,	'Pending',	'2026-03-11 20:00:16.913967',	'2026-03-11 20:00:16.913967'),
(278,	11,	'2027-10-09',	14925.93,	11222.50,	3703.43,	112225.00,	'Pending',	'2026-03-11 20:00:16.913967',	'2026-03-11 20:00:16.913968'),
(279,	11,	'2027-11-08',	14925.93,	11222.50,	3703.43,	101002.50,	'Pending',	'2026-03-11 20:00:16.913968',	'2026-03-11 20:00:16.913968'),
(280,	11,	'2027-12-08',	14925.93,	11222.50,	3703.43,	89780.00,	'Pending',	'2026-03-11 20:00:16.913968',	'2026-03-11 20:00:16.913968'),
(281,	11,	'2028-01-07',	14925.93,	11222.50,	3703.43,	78557.50,	'Pending',	'2026-03-11 20:00:16.913969',	'2026-03-11 20:00:16.913969'),
(282,	11,	'2028-02-06',	14925.93,	11222.50,	3703.43,	67335.00,	'Pending',	'2026-03-11 20:00:16.913969',	'2026-03-11 20:00:16.913969'),
(283,	11,	'2028-03-07',	14925.93,	11222.50,	3703.43,	56112.50,	'Pending',	'2026-03-11 20:00:16.913969',	'2026-03-11 20:00:16.913969'),
(284,	11,	'2028-04-06',	14925.93,	11222.50,	3703.43,	44890.00,	'Pending',	'2026-03-11 20:00:16.91397',	'2026-03-11 20:00:16.91397'),
(285,	11,	'2028-05-06',	14925.93,	11222.50,	3703.43,	33667.50,	'Pending',	'2026-03-11 20:00:16.91397',	'2026-03-11 20:00:16.91397'),
(286,	11,	'2028-06-05',	14925.93,	11222.50,	3703.43,	22445.00,	'Pending',	'2026-03-11 20:00:16.91397',	'2026-03-11 20:00:16.913971'),
(287,	11,	'2028-07-05',	14925.93,	11222.50,	3703.43,	11222.50,	'Pending',	'2026-03-11 20:00:16.913971',	'2026-03-11 20:00:16.913971'),
(288,	11,	'2028-08-04',	14925.93,	11222.50,	3703.43,	0.00,	'Pending',	'2026-03-11 20:00:16.913971',	'2026-03-11 20:00:16.913971'),
(290,	12,	'2026-02-13',	42704.85,	31869.29,	10835.56,	701124.42,	'Pending',	'2026-03-11 20:00:16.916953',	'2026-03-11 20:00:16.916953'),
(291,	12,	'2026-03-15',	42704.85,	31869.29,	10835.56,	669255.12,	'Pending',	'2026-03-11 20:00:16.916953',	'2026-03-11 20:00:16.916954'),
(292,	12,	'2026-04-14',	42704.85,	31869.29,	10835.56,	637385.83,	'Pending',	'2026-03-11 20:00:16.916954',	'2026-03-11 20:00:16.916954'),
(293,	12,	'2026-05-14',	42704.85,	31869.29,	10835.56,	605516.54,	'Pending',	'2026-03-11 20:00:16.916954',	'2026-03-11 20:00:16.916954'),
(294,	12,	'2026-06-13',	42704.85,	31869.29,	10835.56,	573647.25,	'Pending',	'2026-03-11 20:00:16.916955',	'2026-03-11 20:00:16.916955'),
(295,	12,	'2026-07-13',	42704.85,	31869.29,	10835.56,	541777.96,	'Pending',	'2026-03-11 20:00:16.916955',	'2026-03-11 20:00:16.916955'),
(296,	12,	'2026-08-12',	42704.85,	31869.29,	10835.56,	509908.67,	'Pending',	'2026-03-11 20:00:16.916955',	'2026-03-11 20:00:16.916956'),
(297,	12,	'2026-09-11',	42704.85,	31869.29,	10835.56,	478039.37,	'Pending',	'2026-03-11 20:00:16.916956',	'2026-03-11 20:00:16.916956'),
(298,	12,	'2026-10-11',	42704.85,	31869.29,	10835.56,	446170.08,	'Pending',	'2026-03-11 20:00:16.916956',	'2026-03-11 20:00:16.916956'),
(299,	12,	'2026-11-10',	42704.85,	31869.29,	10835.56,	414300.79,	'Pending',	'2026-03-11 20:00:16.916957',	'2026-03-11 20:00:16.916957'),
(300,	12,	'2026-12-10',	42704.85,	31869.29,	10835.56,	382431.50,	'Pending',	'2026-03-11 20:00:16.916957',	'2026-03-11 20:00:16.916957'),
(301,	12,	'2027-01-09',	42704.85,	31869.29,	10835.56,	350562.21,	'Pending',	'2026-03-11 20:00:16.916957',	'2026-03-11 20:00:16.916957'),
(302,	12,	'2027-02-08',	42704.85,	31869.29,	10835.56,	318692.92,	'Pending',	'2026-03-11 20:00:16.916958',	'2026-03-11 20:00:16.916958'),
(303,	12,	'2027-03-10',	42704.85,	31869.29,	10835.56,	286823.62,	'Pending',	'2026-03-11 20:00:16.916958',	'2026-03-11 20:00:16.916958'),
(304,	12,	'2027-04-09',	42704.85,	31869.29,	10835.56,	254954.33,	'Pending',	'2026-03-11 20:00:16.916958',	'2026-03-11 20:00:16.916959'),
(305,	12,	'2027-05-09',	42704.85,	31869.29,	10835.56,	223085.04,	'Pending',	'2026-03-11 20:00:16.916959',	'2026-03-11 20:00:16.916959'),
(306,	12,	'2027-06-08',	42704.85,	31869.29,	10835.56,	191215.75,	'Pending',	'2026-03-11 20:00:16.916959',	'2026-03-11 20:00:16.916959'),
(307,	12,	'2027-07-08',	42704.85,	31869.29,	10835.56,	159346.46,	'Pending',	'2026-03-11 20:00:16.91696',	'2026-03-11 20:00:16.91696'),
(308,	12,	'2027-08-07',	42704.85,	31869.29,	10835.56,	127477.17,	'Pending',	'2026-03-11 20:00:16.91696',	'2026-03-11 20:00:16.91696'),
(309,	12,	'2027-09-06',	42704.85,	31869.29,	10835.56,	95607.87,	'Pending',	'2026-03-11 20:00:16.91696',	'2026-03-11 20:00:16.91696'),
(310,	12,	'2027-10-06',	42704.85,	31869.29,	10835.56,	63738.58,	'Pending',	'2026-03-11 20:00:16.916961',	'2026-03-11 20:00:16.916961'),
(311,	12,	'2027-11-05',	42704.85,	31869.29,	10835.56,	31869.29,	'Pending',	'2026-03-11 20:00:16.916961',	'2026-03-11 20:00:16.916961'),
(312,	12,	'2027-12-05',	42704.85,	31869.29,	10835.56,	0.00,	'Pending',	'2026-03-11 20:00:16.916961',	'2026-03-11 20:00:16.916961'),
(314,	13,	'2026-04-07',	8863.25,	6112.58,	2750.66,	207827.83,	'Pending',	'2026-03-11 20:00:16.919548',	'2026-03-11 20:00:16.919548'),
(315,	13,	'2026-05-07',	8863.25,	6112.58,	2750.66,	201715.25,	'Pending',	'2026-03-11 20:00:16.919548',	'2026-03-11 20:00:16.919549'),
(316,	13,	'2026-06-06',	8863.25,	6112.58,	2750.66,	195602.67,	'Pending',	'2026-03-11 20:00:16.919549',	'2026-03-11 20:00:16.919549'),
(317,	13,	'2026-07-06',	8863.25,	6112.58,	2750.66,	189490.08,	'Pending',	'2026-03-11 20:00:16.919549',	'2026-03-11 20:00:16.919549'),
(318,	13,	'2026-08-05',	8863.25,	6112.58,	2750.66,	183377.50,	'Pending',	'2026-03-11 20:00:16.91955',	'2026-03-11 20:00:16.91955'),
(319,	13,	'2026-09-04',	8863.25,	6112.58,	2750.66,	177264.92,	'Pending',	'2026-03-11 20:00:16.91955',	'2026-03-11 20:00:16.91955'),
(320,	13,	'2026-10-04',	8863.25,	6112.58,	2750.66,	171152.33,	'Pending',	'2026-03-11 20:00:16.919551',	'2026-03-11 20:00:16.919551'),
(321,	13,	'2026-11-03',	8863.25,	6112.58,	2750.66,	165039.75,	'Pending',	'2026-03-11 20:00:16.919551',	'2026-03-11 20:00:16.919551'),
(322,	13,	'2026-12-03',	8863.25,	6112.58,	2750.66,	158927.17,	'Pending',	'2026-03-11 20:00:16.919551',	'2026-03-11 20:00:16.919552'),
(323,	13,	'2027-01-02',	8863.25,	6112.58,	2750.66,	152814.58,	'Pending',	'2026-03-11 20:00:16.919552',	'2026-03-11 20:00:16.919552'),
(324,	13,	'2027-02-01',	8863.25,	6112.58,	2750.66,	146702.00,	'Pending',	'2026-03-11 20:00:16.919552',	'2026-03-11 20:00:16.919552'),
(254,	11,	'2025-10-19',	14925.93,	11222.50,	3703.43,	381565.00,	'Paid',	'2026-03-11 20:00:16.91395',	'2026-03-11 20:25:32.930804'),
(313,	13,	'2026-03-08',	8863.25,	6112.58,	2750.66,	213940.42,	'Paid',	'2026-03-11 20:00:16.919547',	'2026-03-11 20:25:32.930804'),
(325,	13,	'2027-03-03',	8863.25,	6112.58,	2750.66,	140589.42,	'Pending',	'2026-03-11 20:00:16.919552',	'2026-03-11 20:00:16.919553'),
(326,	13,	'2027-04-02',	8863.25,	6112.58,	2750.66,	134476.83,	'Pending',	'2026-03-11 20:00:16.919553',	'2026-03-11 20:00:16.919553'),
(327,	13,	'2027-05-02',	8863.25,	6112.58,	2750.66,	128364.25,	'Pending',	'2026-03-11 20:00:16.919553',	'2026-03-11 20:00:16.919553'),
(328,	13,	'2027-06-01',	8863.25,	6112.58,	2750.66,	122251.67,	'Pending',	'2026-03-11 20:00:16.919554',	'2026-03-11 20:00:16.919554'),
(329,	13,	'2027-07-01',	8863.25,	6112.58,	2750.66,	116139.08,	'Pending',	'2026-03-11 20:00:16.919554',	'2026-03-11 20:00:16.919554'),
(330,	13,	'2027-07-31',	8863.25,	6112.58,	2750.66,	110026.50,	'Pending',	'2026-03-11 20:00:16.919554',	'2026-03-11 20:00:16.919554'),
(331,	13,	'2027-08-30',	8863.25,	6112.58,	2750.66,	103913.92,	'Pending',	'2026-03-11 20:00:16.919555',	'2026-03-11 20:00:16.919555'),
(332,	13,	'2027-09-29',	8863.25,	6112.58,	2750.66,	97801.33,	'Pending',	'2026-03-11 20:00:16.919555',	'2026-03-11 20:00:16.919555'),
(333,	13,	'2027-10-29',	8863.25,	6112.58,	2750.66,	91688.75,	'Pending',	'2026-03-11 20:00:16.919555',	'2026-03-11 20:00:16.919555'),
(334,	13,	'2027-11-28',	8863.25,	6112.58,	2750.66,	85576.17,	'Pending',	'2026-03-11 20:00:16.919556',	'2026-03-11 20:00:16.919556'),
(335,	13,	'2027-12-28',	8863.25,	6112.58,	2750.66,	79463.58,	'Pending',	'2026-03-11 20:00:16.919556',	'2026-03-11 20:00:16.919556'),
(336,	13,	'2028-01-27',	8863.25,	6112.58,	2750.66,	73351.00,	'Pending',	'2026-03-11 20:00:16.919556',	'2026-03-11 20:00:16.919557'),
(337,	13,	'2028-02-26',	8863.25,	6112.58,	2750.66,	67238.42,	'Pending',	'2026-03-11 20:00:16.919557',	'2026-03-11 20:00:16.919557'),
(338,	13,	'2028-03-27',	8863.25,	6112.58,	2750.66,	61125.83,	'Pending',	'2026-03-11 20:00:16.919557',	'2026-03-11 20:00:16.919557'),
(339,	13,	'2028-04-26',	8863.25,	6112.58,	2750.66,	55013.25,	'Pending',	'2026-03-11 20:00:16.919557',	'2026-03-11 20:00:16.919558'),
(340,	13,	'2028-05-26',	8863.25,	6112.58,	2750.66,	48900.67,	'Pending',	'2026-03-11 20:00:16.919558',	'2026-03-11 20:00:16.919558'),
(341,	13,	'2028-06-25',	8863.25,	6112.58,	2750.66,	42788.08,	'Pending',	'2026-03-11 20:00:16.919558',	'2026-03-11 20:00:16.919558'),
(342,	13,	'2028-07-25',	8863.25,	6112.58,	2750.66,	36675.50,	'Pending',	'2026-03-11 20:00:16.919559',	'2026-03-11 20:00:16.919559'),
(343,	13,	'2028-08-24',	8863.25,	6112.58,	2750.66,	30562.92,	'Pending',	'2026-03-11 20:00:16.919559',	'2026-03-11 20:00:16.919559'),
(344,	13,	'2028-09-23',	8863.25,	6112.58,	2750.66,	24450.33,	'Pending',	'2026-03-11 20:00:16.919559',	'2026-03-11 20:00:16.919559'),
(345,	13,	'2028-10-23',	8863.25,	6112.58,	2750.66,	18337.75,	'Pending',	'2026-03-11 20:00:16.91956',	'2026-03-11 20:00:16.91956'),
(346,	13,	'2028-11-22',	8863.25,	6112.58,	2750.66,	12225.17,	'Pending',	'2026-03-11 20:00:16.91956',	'2026-03-11 20:00:16.91956'),
(347,	13,	'2028-12-22',	8863.25,	6112.58,	2750.66,	6112.58,	'Pending',	'2026-03-11 20:00:16.91956',	'2026-03-11 20:00:16.91956'),
(348,	13,	'2029-01-21',	8863.25,	6112.58,	2750.66,	0.00,	'Pending',	'2026-03-11 20:00:16.919561',	'2026-03-11 20:00:16.919561'),
(351,	14,	'2026-04-07',	91477.04,	79545.25,	11931.79,	715907.25,	'Pending',	'2026-03-11 20:00:16.923121',	'2026-03-11 20:00:16.923121'),
(352,	14,	'2026-05-07',	91477.04,	79545.25,	11931.79,	636362.00,	'Pending',	'2026-03-11 20:00:16.923122',	'2026-03-11 20:00:16.923122'),
(353,	14,	'2026-06-06',	91477.04,	79545.25,	11931.79,	556816.75,	'Pending',	'2026-03-11 20:00:16.923122',	'2026-03-11 20:00:16.923122'),
(354,	14,	'2026-07-06',	91477.04,	79545.25,	11931.79,	477271.50,	'Pending',	'2026-03-11 20:00:16.923123',	'2026-03-11 20:00:16.923123'),
(355,	14,	'2026-08-05',	91477.04,	79545.25,	11931.79,	397726.25,	'Pending',	'2026-03-11 20:00:16.923123',	'2026-03-11 20:00:16.923123'),
(356,	14,	'2026-09-04',	91477.04,	79545.25,	11931.79,	318181.00,	'Pending',	'2026-03-11 20:00:16.923123',	'2026-03-11 20:00:16.923123'),
(357,	14,	'2026-10-04',	91477.04,	79545.25,	11931.79,	238635.75,	'Pending',	'2026-03-11 20:00:16.923124',	'2026-03-11 20:00:16.923124'),
(358,	14,	'2026-11-03',	91477.04,	79545.25,	11931.79,	159090.50,	'Pending',	'2026-03-11 20:00:16.923124',	'2026-03-11 20:00:16.923124'),
(359,	14,	'2026-12-03',	91477.04,	79545.25,	11931.79,	79545.25,	'Pending',	'2026-03-11 20:00:16.923124',	'2026-03-11 20:00:16.923125'),
(360,	14,	'2027-01-02',	91477.04,	79545.25,	11931.79,	0.00,	'Pending',	'2026-03-11 20:00:16.923125',	'2026-03-11 20:00:16.923125'),
(363,	15,	'2026-02-18',	17750.95,	13052.17,	4698.78,	430721.50,	'Pending',	'2026-03-11 20:00:16.925438',	'2026-03-11 20:00:16.925438'),
(364,	15,	'2026-03-20',	17750.95,	13052.17,	4698.78,	417669.33,	'Pending',	'2026-03-11 20:00:16.925438',	'2026-03-11 20:00:16.925438'),
(365,	15,	'2026-04-19',	17750.95,	13052.17,	4698.78,	404617.17,	'Pending',	'2026-03-11 20:00:16.925439',	'2026-03-11 20:00:16.925439'),
(366,	15,	'2026-05-19',	17750.95,	13052.17,	4698.78,	391565.00,	'Pending',	'2026-03-11 20:00:16.925439',	'2026-03-11 20:00:16.925439'),
(367,	15,	'2026-06-18',	17750.95,	13052.17,	4698.78,	378512.83,	'Pending',	'2026-03-11 20:00:16.925439',	'2026-03-11 20:00:16.92544'),
(368,	15,	'2026-07-18',	17750.95,	13052.17,	4698.78,	365460.67,	'Pending',	'2026-03-11 20:00:16.92544',	'2026-03-11 20:00:16.92544'),
(369,	15,	'2026-08-17',	17750.95,	13052.17,	4698.78,	352408.50,	'Pending',	'2026-03-11 20:00:16.92544',	'2026-03-11 20:00:16.92544'),
(370,	15,	'2026-09-16',	17750.95,	13052.17,	4698.78,	339356.33,	'Pending',	'2026-03-11 20:00:16.925441',	'2026-03-11 20:00:16.925441'),
(371,	15,	'2026-10-16',	17750.95,	13052.17,	4698.78,	326304.17,	'Pending',	'2026-03-11 20:00:16.925441',	'2026-03-11 20:00:16.925441'),
(372,	15,	'2026-11-15',	17750.95,	13052.17,	4698.78,	313252.00,	'Pending',	'2026-03-11 20:00:16.925441',	'2026-03-11 20:00:16.925442'),
(373,	15,	'2026-12-15',	17750.95,	13052.17,	4698.78,	300199.83,	'Pending',	'2026-03-11 20:00:16.925442',	'2026-03-11 20:00:16.925442'),
(374,	15,	'2027-01-14',	17750.95,	13052.17,	4698.78,	287147.67,	'Pending',	'2026-03-11 20:00:16.925442',	'2026-03-11 20:00:16.925442'),
(375,	15,	'2027-02-13',	17750.95,	13052.17,	4698.78,	274095.50,	'Pending',	'2026-03-11 20:00:16.925443',	'2026-03-11 20:00:16.925443'),
(376,	15,	'2027-03-15',	17750.95,	13052.17,	4698.78,	261043.33,	'Pending',	'2026-03-11 20:00:16.925443',	'2026-03-11 20:00:16.925443'),
(377,	15,	'2027-04-14',	17750.95,	13052.17,	4698.78,	247991.17,	'Pending',	'2026-03-11 20:00:16.925443',	'2026-03-11 20:00:16.925444'),
(378,	15,	'2027-05-14',	17750.95,	13052.17,	4698.78,	234939.00,	'Pending',	'2026-03-11 20:00:16.925444',	'2026-03-11 20:00:16.925444'),
(379,	15,	'2027-06-13',	17750.95,	13052.17,	4698.78,	221886.83,	'Pending',	'2026-03-11 20:00:16.925444',	'2026-03-11 20:00:16.925444'),
(380,	15,	'2027-07-13',	17750.95,	13052.17,	4698.78,	208834.67,	'Pending',	'2026-03-11 20:00:16.925445',	'2026-03-11 20:00:16.925445'),
(381,	15,	'2027-08-12',	17750.95,	13052.17,	4698.78,	195782.50,	'Pending',	'2026-03-11 20:00:16.925445',	'2026-03-11 20:00:16.925445'),
(382,	15,	'2027-09-11',	17750.95,	13052.17,	4698.78,	182730.33,	'Pending',	'2026-03-11 20:00:16.925445',	'2026-03-11 20:00:16.925445'),
(383,	15,	'2027-10-11',	17750.95,	13052.17,	4698.78,	169678.17,	'Pending',	'2026-03-11 20:00:16.925446',	'2026-03-11 20:00:16.925446'),
(384,	15,	'2027-11-10',	17750.95,	13052.17,	4698.78,	156626.00,	'Pending',	'2026-03-11 20:00:16.925446',	'2026-03-11 20:00:16.925446'),
(385,	15,	'2027-12-10',	17750.95,	13052.17,	4698.78,	143573.83,	'Pending',	'2026-03-11 20:00:16.925446',	'2026-03-11 20:00:16.925447'),
(386,	15,	'2028-01-09',	17750.95,	13052.17,	4698.78,	130521.67,	'Pending',	'2026-03-11 20:00:16.925447',	'2026-03-11 20:00:16.925447'),
(387,	15,	'2028-02-08',	17750.95,	13052.17,	4698.78,	117469.50,	'Pending',	'2026-03-11 20:00:16.925447',	'2026-03-11 20:00:16.925447'),
(388,	15,	'2028-03-09',	17750.95,	13052.17,	4698.78,	104417.33,	'Pending',	'2026-03-11 20:00:16.925447',	'2026-03-11 20:00:16.925448'),
(389,	15,	'2028-04-08',	17750.95,	13052.17,	4698.78,	91365.17,	'Pending',	'2026-03-11 20:00:16.925448',	'2026-03-11 20:00:16.925448'),
(390,	15,	'2028-05-08',	17750.95,	13052.17,	4698.78,	78313.00,	'Pending',	'2026-03-11 20:00:16.925448',	'2026-03-11 20:00:16.925448'),
(391,	15,	'2028-06-07',	17750.95,	13052.17,	4698.78,	65260.83,	'Pending',	'2026-03-11 20:00:16.925449',	'2026-03-11 20:00:16.925449'),
(392,	15,	'2028-07-07',	17750.95,	13052.17,	4698.78,	52208.67,	'Pending',	'2026-03-11 20:00:16.925449',	'2026-03-11 20:00:16.925449'),
(393,	15,	'2028-08-06',	17750.95,	13052.17,	4698.78,	39156.50,	'Pending',	'2026-03-11 20:00:16.925449',	'2026-03-11 20:00:16.925449'),
(394,	15,	'2028-09-05',	17750.95,	13052.17,	4698.78,	26104.33,	'Pending',	'2026-03-11 20:00:16.92545',	'2026-03-11 20:00:16.92545'),
(395,	15,	'2028-10-05',	17750.95,	13052.17,	4698.78,	13052.17,	'Pending',	'2026-03-11 20:00:16.92545',	'2026-03-11 20:00:16.92545'),
(396,	15,	'2028-11-04',	17750.95,	13052.17,	4698.78,	0.00,	'Pending',	'2026-03-11 20:00:16.92545',	'2026-03-11 20:00:16.92545'),
(399,	16,	'2026-03-05',	30810.87,	20007.06,	10803.81,	660232.83,	'Pending',	'2026-03-11 20:00:16.928552',	'2026-03-11 20:00:16.928552'),
(400,	16,	'2026-04-04',	30810.87,	20007.06,	10803.81,	640225.78,	'Pending',	'2026-03-11 20:00:16.928553',	'2026-03-11 20:00:16.928553'),
(401,	16,	'2026-05-04',	30810.87,	20007.06,	10803.81,	620218.72,	'Pending',	'2026-03-11 20:00:16.928553',	'2026-03-11 20:00:16.928553'),
(402,	16,	'2026-06-03',	30810.87,	20007.06,	10803.81,	600211.67,	'Pending',	'2026-03-11 20:00:16.928553',	'2026-03-11 20:00:16.928554'),
(403,	16,	'2026-07-03',	30810.87,	20007.06,	10803.81,	580204.61,	'Pending',	'2026-03-11 20:00:16.928554',	'2026-03-11 20:00:16.928554'),
(404,	16,	'2026-08-02',	30810.87,	20007.06,	10803.81,	560197.56,	'Pending',	'2026-03-11 20:00:16.928554',	'2026-03-11 20:00:16.928554'),
(405,	16,	'2026-09-01',	30810.87,	20007.06,	10803.81,	540190.50,	'Pending',	'2026-03-11 20:00:16.928555',	'2026-03-11 20:00:16.928555'),
(406,	16,	'2026-10-01',	30810.87,	20007.06,	10803.81,	520183.44,	'Pending',	'2026-03-11 20:00:16.928555',	'2026-03-11 20:00:16.928555'),
(350,	14,	'2026-03-08',	91477.04,	79545.25,	11931.79,	795452.50,	'Paid',	'2026-03-11 20:00:16.923121',	'2026-03-11 20:25:32.930805'),
(362,	15,	'2026-01-19',	17750.95,	13052.17,	4698.78,	443773.67,	'Paid',	'2026-03-11 20:00:16.925437',	'2026-03-11 20:25:32.930805'),
(407,	16,	'2026-10-31',	30810.87,	20007.06,	10803.81,	500176.39,	'Pending',	'2026-03-11 20:00:16.928555',	'2026-03-11 20:00:16.928555'),
(408,	16,	'2026-11-30',	30810.87,	20007.06,	10803.81,	480169.33,	'Pending',	'2026-03-11 20:00:16.928556',	'2026-03-11 20:00:16.928556'),
(409,	16,	'2026-12-30',	30810.87,	20007.06,	10803.81,	460162.28,	'Pending',	'2026-03-11 20:00:16.928556',	'2026-03-11 20:00:16.928556'),
(410,	16,	'2027-01-29',	30810.87,	20007.06,	10803.81,	440155.22,	'Pending',	'2026-03-11 20:00:16.928557',	'2026-03-11 20:00:16.928557'),
(411,	16,	'2027-02-28',	30810.87,	20007.06,	10803.81,	420148.17,	'Pending',	'2026-03-11 20:00:16.928557',	'2026-03-11 20:00:16.928557'),
(412,	16,	'2027-03-30',	30810.87,	20007.06,	10803.81,	400141.11,	'Pending',	'2026-03-11 20:00:16.928557',	'2026-03-11 20:00:16.928557'),
(413,	16,	'2027-04-29',	30810.87,	20007.06,	10803.81,	380134.06,	'Pending',	'2026-03-11 20:00:16.928558',	'2026-03-11 20:00:16.928558'),
(414,	16,	'2027-05-29',	30810.87,	20007.06,	10803.81,	360127.00,	'Pending',	'2026-03-11 20:00:16.928558',	'2026-03-11 20:00:16.928558'),
(415,	16,	'2027-06-28',	30810.87,	20007.06,	10803.81,	340119.94,	'Pending',	'2026-03-11 20:00:16.928558',	'2026-03-11 20:00:16.928559'),
(416,	16,	'2027-07-28',	30810.87,	20007.06,	10803.81,	320112.89,	'Pending',	'2026-03-11 20:00:16.928559',	'2026-03-11 20:00:16.928559'),
(417,	16,	'2027-08-27',	30810.87,	20007.06,	10803.81,	300105.83,	'Pending',	'2026-03-11 20:00:16.928559',	'2026-03-11 20:00:16.928559'),
(418,	16,	'2027-09-26',	30810.87,	20007.06,	10803.81,	280098.78,	'Pending',	'2026-03-11 20:00:16.92856',	'2026-03-11 20:00:16.92856'),
(419,	16,	'2027-10-26',	30810.87,	20007.06,	10803.81,	260091.72,	'Pending',	'2026-03-11 20:00:16.92856',	'2026-03-11 20:00:16.92856'),
(420,	16,	'2027-11-25',	30810.87,	20007.06,	10803.81,	240084.67,	'Pending',	'2026-03-11 20:00:16.92856',	'2026-03-11 20:00:16.928561'),
(421,	16,	'2027-12-25',	30810.87,	20007.06,	10803.81,	220077.61,	'Pending',	'2026-03-11 20:00:16.928561',	'2026-03-11 20:00:16.928561'),
(422,	16,	'2028-01-24',	30810.87,	20007.06,	10803.81,	200070.56,	'Pending',	'2026-03-11 20:00:16.928561',	'2026-03-11 20:00:16.928561'),
(423,	16,	'2028-02-23',	30810.87,	20007.06,	10803.81,	180063.50,	'Pending',	'2026-03-11 20:00:16.928562',	'2026-03-11 20:00:16.928562'),
(424,	16,	'2028-03-24',	30810.87,	20007.06,	10803.81,	160056.44,	'Pending',	'2026-03-11 20:00:16.928562',	'2026-03-11 20:00:16.928562'),
(425,	16,	'2028-04-23',	30810.87,	20007.06,	10803.81,	140049.39,	'Pending',	'2026-03-11 20:00:16.928562',	'2026-03-11 20:00:16.928562'),
(426,	16,	'2028-05-23',	30810.87,	20007.06,	10803.81,	120042.33,	'Pending',	'2026-03-11 20:00:16.928563',	'2026-03-11 20:00:16.928563'),
(427,	16,	'2028-06-22',	30810.87,	20007.06,	10803.81,	100035.28,	'Pending',	'2026-03-11 20:00:16.928563',	'2026-03-11 20:00:16.928563'),
(428,	16,	'2028-07-22',	30810.87,	20007.06,	10803.81,	80028.22,	'Pending',	'2026-03-11 20:00:16.928563',	'2026-03-11 20:00:16.928564'),
(429,	16,	'2028-08-21',	30810.87,	20007.06,	10803.81,	60021.17,	'Pending',	'2026-03-11 20:00:16.928564',	'2026-03-11 20:00:16.928564'),
(430,	16,	'2028-09-20',	30810.87,	20007.06,	10803.81,	40014.11,	'Pending',	'2026-03-11 20:00:16.928564',	'2026-03-11 20:00:16.928564'),
(431,	16,	'2028-10-20',	30810.87,	20007.06,	10803.81,	20007.06,	'Pending',	'2026-03-11 20:00:16.928565',	'2026-03-11 20:00:16.928565'),
(432,	16,	'2028-11-19',	30810.87,	20007.06,	10803.81,	0.00,	'Pending',	'2026-03-11 20:00:16.928565',	'2026-03-11 20:00:16.928565'),
(435,	17,	'2025-12-08',	30420.01,	19375.81,	11044.21,	639401.58,	'Pending',	'2026-03-11 20:00:16.932421',	'2026-03-11 20:00:16.932421'),
(436,	17,	'2026-01-07',	30420.01,	19375.81,	11044.21,	620025.78,	'Pending',	'2026-03-11 20:00:16.932422',	'2026-03-11 20:00:16.932422'),
(437,	17,	'2026-02-06',	30420.01,	19375.81,	11044.21,	600649.97,	'Pending',	'2026-03-11 20:00:16.932422',	'2026-03-11 20:00:16.932422'),
(438,	17,	'2026-03-08',	30420.01,	19375.81,	11044.21,	581274.17,	'Pending',	'2026-03-11 20:00:16.932423',	'2026-03-11 20:00:16.932423'),
(439,	17,	'2026-04-07',	30420.01,	19375.81,	11044.21,	561898.36,	'Pending',	'2026-03-11 20:00:16.932423',	'2026-03-11 20:00:16.932423'),
(440,	17,	'2026-05-07',	30420.01,	19375.81,	11044.21,	542522.56,	'Pending',	'2026-03-11 20:00:16.932423',	'2026-03-11 20:00:16.932423'),
(441,	17,	'2026-06-06',	30420.01,	19375.81,	11044.21,	523146.75,	'Pending',	'2026-03-11 20:00:16.932424',	'2026-03-11 20:00:16.932424'),
(442,	17,	'2026-07-06',	30420.01,	19375.81,	11044.21,	503770.94,	'Pending',	'2026-03-11 20:00:16.932424',	'2026-03-11 20:00:16.932424'),
(443,	17,	'2026-08-05',	30420.01,	19375.81,	11044.21,	484395.14,	'Pending',	'2026-03-11 20:00:16.932424',	'2026-03-11 20:00:16.932425'),
(444,	17,	'2026-09-04',	30420.01,	19375.81,	11044.21,	465019.33,	'Pending',	'2026-03-11 20:00:16.932425',	'2026-03-11 20:00:16.932425'),
(445,	17,	'2026-10-04',	30420.01,	19375.81,	11044.21,	445643.53,	'Pending',	'2026-03-11 20:00:16.932425',	'2026-03-11 20:00:16.932426'),
(446,	17,	'2026-11-03',	30420.01,	19375.81,	11044.21,	426267.72,	'Pending',	'2026-03-11 20:00:16.932426',	'2026-03-11 20:00:16.932426'),
(447,	17,	'2026-12-03',	30420.01,	19375.81,	11044.21,	406891.92,	'Pending',	'2026-03-11 20:00:16.932426',	'2026-03-11 20:00:16.932426'),
(448,	17,	'2027-01-02',	30420.01,	19375.81,	11044.21,	387516.11,	'Pending',	'2026-03-11 20:00:16.932427',	'2026-03-11 20:00:16.932427'),
(449,	17,	'2027-02-01',	30420.01,	19375.81,	11044.21,	368140.31,	'Pending',	'2026-03-11 20:00:16.932427',	'2026-03-11 20:00:16.932427'),
(450,	17,	'2027-03-03',	30420.01,	19375.81,	11044.21,	348764.50,	'Pending',	'2026-03-11 20:00:16.932427',	'2026-03-11 20:00:16.932428'),
(451,	17,	'2027-04-02',	30420.01,	19375.81,	11044.21,	329388.69,	'Pending',	'2026-03-11 20:00:16.932428',	'2026-03-11 20:00:16.932428'),
(452,	17,	'2027-05-02',	30420.01,	19375.81,	11044.21,	310012.89,	'Pending',	'2026-03-11 20:00:16.932428',	'2026-03-11 20:00:16.932428'),
(453,	17,	'2027-06-01',	30420.01,	19375.81,	11044.21,	290637.08,	'Pending',	'2026-03-11 20:00:16.932429',	'2026-03-11 20:00:16.932429'),
(454,	17,	'2027-07-01',	30420.01,	19375.81,	11044.21,	271261.28,	'Pending',	'2026-03-11 20:00:16.932429',	'2026-03-11 20:00:16.932429'),
(455,	17,	'2027-07-31',	30420.01,	19375.81,	11044.21,	251885.47,	'Pending',	'2026-03-11 20:00:16.932429',	'2026-03-11 20:00:16.93243'),
(456,	17,	'2027-08-30',	30420.01,	19375.81,	11044.21,	232509.67,	'Pending',	'2026-03-11 20:00:16.93243',	'2026-03-11 20:00:16.93243'),
(457,	17,	'2027-09-29',	30420.01,	19375.81,	11044.21,	213133.86,	'Pending',	'2026-03-11 20:00:16.93243',	'2026-03-11 20:00:16.93243'),
(458,	17,	'2027-10-29',	30420.01,	19375.81,	11044.21,	193758.06,	'Pending',	'2026-03-11 20:00:16.932431',	'2026-03-11 20:00:16.932431'),
(459,	17,	'2027-11-28',	30420.01,	19375.81,	11044.21,	174382.25,	'Pending',	'2026-03-11 20:00:16.932431',	'2026-03-11 20:00:16.932431'),
(460,	17,	'2027-12-28',	30420.01,	19375.81,	11044.21,	155006.44,	'Pending',	'2026-03-11 20:00:16.932431',	'2026-03-11 20:00:16.932432'),
(461,	17,	'2028-01-27',	30420.01,	19375.81,	11044.21,	135630.64,	'Pending',	'2026-03-11 20:00:16.932432',	'2026-03-11 20:00:16.932432'),
(462,	17,	'2028-02-26',	30420.01,	19375.81,	11044.21,	116254.83,	'Pending',	'2026-03-11 20:00:16.932432',	'2026-03-11 20:00:16.932432'),
(463,	17,	'2028-03-27',	30420.01,	19375.81,	11044.21,	96879.03,	'Pending',	'2026-03-11 20:00:16.932433',	'2026-03-11 20:00:16.932433'),
(464,	17,	'2028-04-26',	30420.01,	19375.81,	11044.21,	77503.22,	'Pending',	'2026-03-11 20:00:16.932433',	'2026-03-11 20:00:16.932433'),
(465,	17,	'2028-05-26',	30420.01,	19375.81,	11044.21,	58127.42,	'Pending',	'2026-03-11 20:00:16.932433',	'2026-03-11 20:00:16.932433'),
(466,	17,	'2028-06-25',	30420.01,	19375.81,	11044.21,	38751.61,	'Pending',	'2026-03-11 20:00:16.932434',	'2026-03-11 20:00:16.932434'),
(467,	17,	'2028-07-25',	30420.01,	19375.81,	11044.21,	19375.81,	'Pending',	'2026-03-11 20:00:16.932434',	'2026-03-11 20:00:16.932434'),
(468,	17,	'2028-08-24',	30420.01,	19375.81,	11044.21,	0.00,	'Pending',	'2026-03-11 20:00:16.932434',	'2026-03-11 20:00:16.932435'),
(470,	18,	'2026-02-09',	26490.00,	22260.50,	4229.50,	222605.00,	'Pending',	'2026-03-11 20:00:16.93516',	'2026-03-11 20:00:16.93516'),
(471,	18,	'2026-03-11',	26490.00,	22260.50,	4229.50,	200344.50,	'Pending',	'2026-03-11 20:00:16.93516',	'2026-03-11 20:00:16.935161'),
(472,	18,	'2026-04-10',	26490.00,	22260.50,	4229.50,	178084.00,	'Pending',	'2026-03-11 20:00:16.935161',	'2026-03-11 20:00:16.935161'),
(473,	18,	'2026-05-10',	26490.00,	22260.50,	4229.50,	155823.50,	'Pending',	'2026-03-11 20:00:16.935161',	'2026-03-11 20:00:16.935166'),
(474,	18,	'2026-06-09',	26490.00,	22260.50,	4229.50,	133563.00,	'Pending',	'2026-03-11 20:00:16.935166',	'2026-03-11 20:00:16.935166'),
(475,	18,	'2026-07-09',	26490.00,	22260.50,	4229.50,	111302.50,	'Pending',	'2026-03-11 20:00:16.935167',	'2026-03-11 20:00:16.935167'),
(476,	18,	'2026-08-08',	26490.00,	22260.50,	4229.50,	89042.00,	'Pending',	'2026-03-11 20:00:16.935167',	'2026-03-11 20:00:16.935167'),
(477,	18,	'2026-09-07',	26490.00,	22260.50,	4229.50,	66781.50,	'Pending',	'2026-03-11 20:00:16.935167',	'2026-03-11 20:00:16.935168'),
(478,	18,	'2026-10-07',	26490.00,	22260.50,	4229.50,	44521.00,	'Pending',	'2026-03-11 20:00:16.935168',	'2026-03-11 20:00:16.935168'),
(479,	18,	'2026-11-06',	26490.00,	22260.50,	4229.50,	22260.50,	'Pending',	'2026-03-11 20:00:16.935168',	'2026-03-11 20:00:16.935168'),
(480,	18,	'2026-12-06',	26490.00,	22260.50,	4229.50,	0.00,	'Pending',	'2026-03-11 20:00:16.935169',	'2026-03-11 20:00:16.935169'),
(481,	19,	'2026-03-02',	3089.06,	1967.56,	1121.51,	68864.44,	'Pending',	'2026-03-11 20:00:16.937561',	'2026-03-11 20:00:16.937562'),
(482,	19,	'2026-04-01',	3089.06,	1967.56,	1121.51,	66896.89,	'Pending',	'2026-03-11 20:00:16.937562',	'2026-03-11 20:00:16.937563'),
(483,	19,	'2026-05-01',	3089.06,	1967.56,	1121.51,	64929.33,	'Pending',	'2026-03-11 20:00:16.937563',	'2026-03-11 20:00:16.937563'),
(484,	19,	'2026-05-31',	3089.06,	1967.56,	1121.51,	62961.78,	'Pending',	'2026-03-11 20:00:16.937563',	'2026-03-11 20:00:16.937564'),
(485,	19,	'2026-06-30',	3089.06,	1967.56,	1121.51,	60994.22,	'Pending',	'2026-03-11 20:00:16.937564',	'2026-03-11 20:00:16.937564'),
(486,	19,	'2026-07-30',	3089.06,	1967.56,	1121.51,	59026.67,	'Pending',	'2026-03-11 20:00:16.937564',	'2026-03-11 20:00:16.937565'),
(487,	19,	'2026-08-29',	3089.06,	1967.56,	1121.51,	57059.11,	'Pending',	'2026-03-11 20:00:16.937565',	'2026-03-11 20:00:16.937565'),
(434,	17,	'2025-11-08',	30420.01,	19375.81,	11044.21,	658777.39,	'Paid',	'2026-03-11 20:00:16.932421',	'2026-03-11 20:25:32.930805'),
(488,	19,	'2026-09-28',	3089.06,	1967.56,	1121.51,	55091.56,	'Pending',	'2026-03-11 20:00:16.937565',	'2026-03-11 20:00:16.937565'),
(489,	19,	'2026-10-28',	3089.06,	1967.56,	1121.51,	53124.00,	'Pending',	'2026-03-11 20:00:16.937566',	'2026-03-11 20:00:16.937566'),
(490,	19,	'2026-11-27',	3089.06,	1967.56,	1121.51,	51156.44,	'Pending',	'2026-03-11 20:00:16.937566',	'2026-03-11 20:00:16.937566'),
(491,	19,	'2026-12-27',	3089.06,	1967.56,	1121.51,	49188.89,	'Pending',	'2026-03-11 20:00:16.937567',	'2026-03-11 20:00:16.937567'),
(492,	19,	'2027-01-26',	3089.06,	1967.56,	1121.51,	47221.33,	'Pending',	'2026-03-11 20:00:16.937567',	'2026-03-11 20:00:16.937567'),
(493,	19,	'2027-02-25',	3089.06,	1967.56,	1121.51,	45253.78,	'Pending',	'2026-03-11 20:00:16.937567',	'2026-03-11 20:00:16.937567'),
(494,	19,	'2027-03-27',	3089.06,	1967.56,	1121.51,	43286.22,	'Pending',	'2026-03-11 20:00:16.937568',	'2026-03-11 20:00:16.937568'),
(495,	19,	'2027-04-26',	3089.06,	1967.56,	1121.51,	41318.67,	'Pending',	'2026-03-11 20:00:16.937568',	'2026-03-11 20:00:16.937568'),
(496,	19,	'2027-05-26',	3089.06,	1967.56,	1121.51,	39351.11,	'Pending',	'2026-03-11 20:00:16.937569',	'2026-03-11 20:00:16.937569'),
(497,	19,	'2027-06-25',	3089.06,	1967.56,	1121.51,	37383.56,	'Pending',	'2026-03-11 20:00:16.937569',	'2026-03-11 20:00:16.937569'),
(498,	19,	'2027-07-25',	3089.06,	1967.56,	1121.51,	35416.00,	'Pending',	'2026-03-11 20:00:16.937569',	'2026-03-11 20:00:16.937569'),
(499,	19,	'2027-08-24',	3089.06,	1967.56,	1121.51,	33448.44,	'Pending',	'2026-03-11 20:00:16.93757',	'2026-03-11 20:00:16.93757'),
(500,	19,	'2027-09-23',	3089.06,	1967.56,	1121.51,	31480.89,	'Pending',	'2026-03-11 20:00:16.93757',	'2026-03-11 20:00:16.93757'),
(501,	19,	'2027-10-23',	3089.06,	1967.56,	1121.51,	29513.33,	'Pending',	'2026-03-11 20:00:16.937571',	'2026-03-11 20:00:16.937571'),
(502,	19,	'2027-11-22',	3089.06,	1967.56,	1121.51,	27545.78,	'Pending',	'2026-03-11 20:00:16.937571',	'2026-03-11 20:00:16.937571'),
(503,	19,	'2027-12-22',	3089.06,	1967.56,	1121.51,	25578.22,	'Pending',	'2026-03-11 20:00:16.937571',	'2026-03-11 20:00:16.937571'),
(504,	19,	'2028-01-21',	3089.06,	1967.56,	1121.51,	23610.67,	'Pending',	'2026-03-11 20:00:16.937572',	'2026-03-11 20:00:16.937572'),
(505,	19,	'2028-02-20',	3089.06,	1967.56,	1121.51,	21643.11,	'Pending',	'2026-03-11 20:00:16.937572',	'2026-03-11 20:00:16.937572'),
(506,	19,	'2028-03-21',	3089.06,	1967.56,	1121.51,	19675.56,	'Pending',	'2026-03-11 20:00:16.937572',	'2026-03-11 20:00:16.937573'),
(507,	19,	'2028-04-20',	3089.06,	1967.56,	1121.51,	17708.00,	'Pending',	'2026-03-11 20:00:16.937573',	'2026-03-11 20:00:16.937573'),
(508,	19,	'2028-05-20',	3089.06,	1967.56,	1121.51,	15740.44,	'Pending',	'2026-03-11 20:00:16.937573',	'2026-03-11 20:00:16.937573'),
(509,	19,	'2028-06-19',	3089.06,	1967.56,	1121.51,	13772.89,	'Pending',	'2026-03-11 20:00:16.937574',	'2026-03-11 20:00:16.937574'),
(510,	19,	'2028-07-19',	3089.06,	1967.56,	1121.51,	11805.33,	'Pending',	'2026-03-11 20:00:16.937574',	'2026-03-11 20:00:16.937574'),
(511,	19,	'2028-08-18',	3089.06,	1967.56,	1121.51,	9837.78,	'Pending',	'2026-03-11 20:00:16.937574',	'2026-03-11 20:00:16.937575'),
(512,	19,	'2028-09-17',	3089.06,	1967.56,	1121.51,	7870.22,	'Pending',	'2026-03-11 20:00:16.937575',	'2026-03-11 20:00:16.937575'),
(513,	19,	'2028-10-17',	3089.06,	1967.56,	1121.51,	5902.67,	'Pending',	'2026-03-11 20:00:16.937575',	'2026-03-11 20:00:16.937575'),
(514,	19,	'2028-11-16',	3089.06,	1967.56,	1121.51,	3935.11,	'Pending',	'2026-03-11 20:00:16.937576',	'2026-03-11 20:00:16.937576'),
(515,	19,	'2028-12-16',	3089.06,	1967.56,	1121.51,	1967.56,	'Pending',	'2026-03-11 20:00:16.937577',	'2026-03-11 20:00:16.937577'),
(516,	19,	'2029-01-15',	3089.06,	1967.56,	1121.51,	0.00,	'Pending',	'2026-03-11 20:00:16.937577',	'2026-03-11 20:00:16.937577'),
(518,	20,	'2026-01-22',	18649.98,	13417.25,	5232.73,	456186.50,	'Pending',	'2026-03-11 20:00:16.941357',	'2026-03-11 20:00:16.941357'),
(519,	20,	'2026-02-21',	18649.98,	13417.25,	5232.73,	442769.25,	'Pending',	'2026-03-11 20:00:16.941358',	'2026-03-11 20:00:16.941358'),
(520,	20,	'2026-03-23',	18649.98,	13417.25,	5232.73,	429352.00,	'Pending',	'2026-03-11 20:00:16.941358',	'2026-03-11 20:00:16.941358'),
(521,	20,	'2026-04-22',	18649.98,	13417.25,	5232.73,	415934.75,	'Pending',	'2026-03-11 20:00:16.941358',	'2026-03-11 20:00:16.941359'),
(522,	20,	'2026-05-22',	18649.98,	13417.25,	5232.73,	402517.50,	'Pending',	'2026-03-11 20:00:16.941359',	'2026-03-11 20:00:16.941359'),
(523,	20,	'2026-06-21',	18649.98,	13417.25,	5232.73,	389100.25,	'Pending',	'2026-03-11 20:00:16.941359',	'2026-03-11 20:00:16.941359'),
(524,	20,	'2026-07-21',	18649.98,	13417.25,	5232.73,	375683.00,	'Pending',	'2026-03-11 20:00:16.94136',	'2026-03-11 20:00:16.94136'),
(525,	20,	'2026-08-20',	18649.98,	13417.25,	5232.73,	362265.75,	'Pending',	'2026-03-11 20:00:16.94136',	'2026-03-11 20:00:16.94136'),
(526,	20,	'2026-09-19',	18649.98,	13417.25,	5232.73,	348848.50,	'Pending',	'2026-03-11 20:00:16.94136',	'2026-03-11 20:00:16.94136'),
(527,	20,	'2026-10-19',	18649.98,	13417.25,	5232.73,	335431.25,	'Pending',	'2026-03-11 20:00:16.941361',	'2026-03-11 20:00:16.941361'),
(528,	20,	'2026-11-18',	18649.98,	13417.25,	5232.73,	322014.00,	'Pending',	'2026-03-11 20:00:16.941361',	'2026-03-11 20:00:16.941361'),
(529,	20,	'2026-12-18',	18649.98,	13417.25,	5232.73,	308596.75,	'Pending',	'2026-03-11 20:00:16.941361',	'2026-03-11 20:00:16.941362'),
(530,	20,	'2027-01-17',	18649.98,	13417.25,	5232.73,	295179.50,	'Pending',	'2026-03-11 20:00:16.941362',	'2026-03-11 20:00:16.941362'),
(531,	20,	'2027-02-16',	18649.98,	13417.25,	5232.73,	281762.25,	'Pending',	'2026-03-11 20:00:16.941362',	'2026-03-11 20:00:16.941362'),
(532,	20,	'2027-03-18',	18649.98,	13417.25,	5232.73,	268345.00,	'Pending',	'2026-03-11 20:00:16.941363',	'2026-03-11 20:00:16.941363'),
(533,	20,	'2027-04-17',	18649.98,	13417.25,	5232.73,	254927.75,	'Pending',	'2026-03-11 20:00:16.941363',	'2026-03-11 20:00:16.941363'),
(534,	20,	'2027-05-17',	18649.98,	13417.25,	5232.73,	241510.50,	'Pending',	'2026-03-11 20:00:16.941363',	'2026-03-11 20:00:16.941363'),
(535,	20,	'2027-06-16',	18649.98,	13417.25,	5232.73,	228093.25,	'Pending',	'2026-03-11 20:00:16.941364',	'2026-03-11 20:00:16.941364'),
(536,	20,	'2027-07-16',	18649.98,	13417.25,	5232.73,	214676.00,	'Pending',	'2026-03-11 20:00:16.941364',	'2026-03-11 20:00:16.941364'),
(537,	20,	'2027-08-15',	18649.98,	13417.25,	5232.73,	201258.75,	'Pending',	'2026-03-11 20:00:16.941364',	'2026-03-11 20:00:16.941364'),
(538,	20,	'2027-09-14',	18649.98,	13417.25,	5232.73,	187841.50,	'Pending',	'2026-03-11 20:00:16.941365',	'2026-03-11 20:00:16.941365'),
(539,	20,	'2027-10-14',	18649.98,	13417.25,	5232.73,	174424.25,	'Pending',	'2026-03-11 20:00:16.941365',	'2026-03-11 20:00:16.941365'),
(540,	20,	'2027-11-13',	18649.98,	13417.25,	5232.73,	161007.00,	'Pending',	'2026-03-11 20:00:16.941365',	'2026-03-11 20:00:16.941366'),
(541,	20,	'2027-12-13',	18649.98,	13417.25,	5232.73,	147589.75,	'Pending',	'2026-03-11 20:00:16.941366',	'2026-03-11 20:00:16.941366'),
(542,	20,	'2028-01-12',	18649.98,	13417.25,	5232.73,	134172.50,	'Pending',	'2026-03-11 20:00:16.941366',	'2026-03-11 20:00:16.941366'),
(543,	20,	'2028-02-11',	18649.98,	13417.25,	5232.73,	120755.25,	'Pending',	'2026-03-11 20:00:16.941366',	'2026-03-11 20:00:16.941367'),
(544,	20,	'2028-03-12',	18649.98,	13417.25,	5232.73,	107338.00,	'Pending',	'2026-03-11 20:00:16.941367',	'2026-03-11 20:00:16.941367'),
(545,	20,	'2028-04-11',	18649.98,	13417.25,	5232.73,	93920.75,	'Pending',	'2026-03-11 20:00:16.941367',	'2026-03-11 20:00:16.941367'),
(546,	20,	'2028-05-11',	18649.98,	13417.25,	5232.73,	80503.50,	'Pending',	'2026-03-11 20:00:16.941368',	'2026-03-11 20:00:16.941368'),
(547,	20,	'2028-06-10',	18649.98,	13417.25,	5232.73,	67086.25,	'Pending',	'2026-03-11 20:00:16.941368',	'2026-03-11 20:00:16.941368'),
(548,	20,	'2028-07-10',	18649.98,	13417.25,	5232.73,	53669.00,	'Pending',	'2026-03-11 20:00:16.941368',	'2026-03-11 20:00:16.941369'),
(549,	20,	'2028-08-09',	18649.98,	13417.25,	5232.73,	40251.75,	'Pending',	'2026-03-11 20:00:16.941369',	'2026-03-11 20:00:16.941369'),
(550,	20,	'2028-09-08',	18649.98,	13417.25,	5232.73,	26834.50,	'Pending',	'2026-03-11 20:00:16.941369',	'2026-03-11 20:00:16.941369'),
(551,	20,	'2028-10-08',	18649.98,	13417.25,	5232.73,	13417.25,	'Pending',	'2026-03-11 20:00:16.94137',	'2026-03-11 20:00:16.94137'),
(552,	20,	'2028-11-07',	18649.98,	13417.25,	5232.73,	0.00,	'Pending',	'2026-03-11 20:00:16.94137',	'2026-03-11 20:00:16.94137'),
(1,	1,	'2026-02-16',	14668.91,	11460.08,	3208.82,	263581.92,	'Paid',	'2026-03-11 20:00:16.884847',	'2026-03-11 20:00:16.960325'),
(25,	2,	'2025-10-17',	17844.07,	11587.06,	6257.01,	405546.94,	'Paid',	'2026-03-11 20:00:16.889634',	'2026-03-11 20:00:16.960326'),
(73,	4,	'2026-02-25',	36910.68,	26554.44,	10356.23,	929405.56,	'Paid',	'2026-03-11 20:00:16.894731',	'2026-03-11 20:00:16.960327'),
(109,	5,	'2025-09-19',	32912.22,	24746.03,	8166.19,	866110.97,	'Paid',	'2026-03-11 20:00:16.898513',	'2026-03-11 20:00:16.960327'),
(145,	6,	'2025-12-24',	16771.34,	12901.03,	3870.31,	451535.97,	'Paid',	'2026-03-11 20:00:16.90164',	'2026-03-11 20:00:16.960327'),
(181,	7,	'2025-09-26',	47751.31,	37305.71,	10445.60,	858031.29,	'Paid',	'2026-03-11 20:00:16.904361',	'2026-03-11 20:00:16.960327'),
(205,	8,	'2026-03-02',	60384.67,	50743.42,	9641.25,	558177.58,	'Paid',	'2026-03-11 20:00:16.906427',	'2026-03-11 20:00:16.960328'),
(217,	9,	'2025-11-21',	26737.40,	21562.42,	5174.98,	495935.58,	'Paid',	'2026-03-11 20:00:16.908674',	'2026-03-11 20:00:16.960328'),
(241,	10,	'2025-12-12',	62660.05,	51785.17,	10874.89,	569636.83,	'Paid',	'2026-03-11 20:00:16.911117',	'2026-03-11 20:00:16.960328'),
(253,	11,	'2025-09-19',	14925.93,	11222.50,	3703.43,	392787.50,	'Paid',	'2026-03-11 20:00:16.913948',	'2026-03-11 20:00:16.960328'),
(289,	12,	'2026-01-14',	42704.85,	31869.29,	10835.56,	732993.71,	'Paid',	'2026-03-11 20:00:16.916952',	'2026-03-11 20:00:16.960328'),
(349,	14,	'2026-02-06',	91477.04,	79545.25,	11931.79,	874997.75,	'Paid',	'2026-03-11 20:00:16.923119',	'2026-03-11 20:00:16.960329'),
(361,	15,	'2025-12-20',	17750.95,	13052.17,	4698.78,	456825.83,	'Paid',	'2026-03-11 20:00:16.925436',	'2026-03-11 20:00:16.960329'),
(397,	16,	'2026-01-04',	30810.87,	20007.06,	10803.81,	700246.94,	'Paid',	'2026-03-11 20:00:16.928551',	'2026-03-11 20:00:16.960329'),
(433,	17,	'2025-10-09',	30420.01,	19375.81,	11044.21,	678153.19,	'Paid',	'2026-03-11 20:00:16.932419',	'2026-03-11 20:00:16.960329'),
(469,	18,	'2026-01-10',	26490.00,	22260.50,	4229.50,	244865.50,	'Paid',	'2026-03-11 20:00:16.935159',	'2026-03-11 20:00:16.96033'),
(517,	20,	'2025-12-23',	18649.98,	13417.25,	5232.73,	469603.75,	'Paid',	'2026-03-11 20:00:16.941356',	'2026-03-11 20:00:16.96033'),
(553,	26,	'2025-09-18',	29561.31,	24033.58,	5527.72,	264369.42,	'Pending',	'2026-03-11 20:25:32.85222',	'2026-03-11 20:25:32.852221'),
(554,	26,	'2025-10-18',	29561.31,	24033.58,	5527.72,	240335.83,	'Pending',	'2026-03-11 20:25:32.852221',	'2026-03-11 20:25:32.852221'),
(555,	26,	'2025-11-17',	29561.31,	24033.58,	5527.72,	216302.25,	'Pending',	'2026-03-11 20:25:32.852222',	'2026-03-11 20:25:32.852222'),
(556,	26,	'2025-12-17',	29561.31,	24033.58,	5527.72,	192268.67,	'Pending',	'2026-03-11 20:25:32.852222',	'2026-03-11 20:25:32.852222'),
(557,	26,	'2026-01-16',	29561.31,	24033.58,	5527.72,	168235.08,	'Pending',	'2026-03-11 20:25:32.852223',	'2026-03-11 20:25:32.852223'),
(558,	26,	'2026-02-15',	29561.31,	24033.58,	5527.72,	144201.50,	'Pending',	'2026-03-11 20:25:32.852223',	'2026-03-11 20:25:32.852223'),
(559,	26,	'2026-03-17',	29561.31,	24033.58,	5527.72,	120167.92,	'Pending',	'2026-03-11 20:25:32.852223',	'2026-03-11 20:25:32.852224'),
(560,	26,	'2026-04-16',	29561.31,	24033.58,	5527.72,	96134.33,	'Pending',	'2026-03-11 20:25:32.852224',	'2026-03-11 20:25:32.852224'),
(561,	26,	'2026-05-16',	29561.31,	24033.58,	5527.72,	72100.75,	'Pending',	'2026-03-11 20:25:32.852224',	'2026-03-11 20:25:32.852224'),
(562,	26,	'2026-06-15',	29561.31,	24033.58,	5527.72,	48067.17,	'Pending',	'2026-03-11 20:25:32.852225',	'2026-03-11 20:25:32.852225'),
(563,	26,	'2026-07-15',	29561.31,	24033.58,	5527.72,	24033.58,	'Pending',	'2026-03-11 20:25:32.852225',	'2026-03-11 20:25:32.852225'),
(564,	26,	'2026-08-14',	29561.31,	24033.58,	5527.72,	0.00,	'Pending',	'2026-03-11 20:25:32.852226',	'2026-03-11 20:25:32.852226'),
(566,	27,	'2026-02-10',	31104.10,	24685.79,	6418.31,	543087.42,	'Pending',	'2026-03-11 20:25:32.856295',	'2026-03-11 20:25:32.856295'),
(567,	27,	'2026-03-12',	31104.10,	24685.79,	6418.31,	518401.62,	'Pending',	'2026-03-11 20:25:32.856295',	'2026-03-11 20:25:32.856295'),
(568,	27,	'2026-04-11',	31104.10,	24685.79,	6418.31,	493715.83,	'Pending',	'2026-03-11 20:25:32.856296',	'2026-03-11 20:25:32.856296'),
(569,	27,	'2026-05-11',	31104.10,	24685.79,	6418.31,	469030.04,	'Pending',	'2026-03-11 20:25:32.856296',	'2026-03-11 20:25:32.856297'),
(570,	27,	'2026-06-10',	31104.10,	24685.79,	6418.31,	444344.25,	'Pending',	'2026-03-11 20:25:32.856297',	'2026-03-11 20:25:32.856297'),
(571,	27,	'2026-07-10',	31104.10,	24685.79,	6418.31,	419658.46,	'Pending',	'2026-03-11 20:25:32.856297',	'2026-03-11 20:25:32.856297'),
(572,	27,	'2026-08-09',	31104.10,	24685.79,	6418.31,	394972.67,	'Pending',	'2026-03-11 20:25:32.856298',	'2026-03-11 20:25:32.856298'),
(573,	27,	'2026-09-08',	31104.10,	24685.79,	6418.31,	370286.87,	'Pending',	'2026-03-11 20:25:32.856298',	'2026-03-11 20:25:32.856298'),
(574,	27,	'2026-10-08',	31104.10,	24685.79,	6418.31,	345601.08,	'Pending',	'2026-03-11 20:25:32.856299',	'2026-03-11 20:25:32.856299'),
(575,	27,	'2026-11-07',	31104.10,	24685.79,	6418.31,	320915.29,	'Pending',	'2026-03-11 20:25:32.856299',	'2026-03-11 20:25:32.856299'),
(576,	27,	'2026-12-07',	31104.10,	24685.79,	6418.31,	296229.50,	'Pending',	'2026-03-11 20:25:32.8563',	'2026-03-11 20:25:32.8563'),
(577,	27,	'2027-01-06',	31104.10,	24685.79,	6418.31,	271543.71,	'Pending',	'2026-03-11 20:25:32.8563',	'2026-03-11 20:25:32.8563'),
(578,	27,	'2027-02-05',	31104.10,	24685.79,	6418.31,	246857.92,	'Pending',	'2026-03-11 20:25:32.8563',	'2026-03-11 20:25:32.856301'),
(579,	27,	'2027-03-07',	31104.10,	24685.79,	6418.31,	222172.12,	'Pending',	'2026-03-11 20:25:32.856301',	'2026-03-11 20:25:32.856301'),
(580,	27,	'2027-04-06',	31104.10,	24685.79,	6418.31,	197486.33,	'Pending',	'2026-03-11 20:25:32.856301',	'2026-03-11 20:25:32.856301'),
(581,	27,	'2027-05-06',	31104.10,	24685.79,	6418.31,	172800.54,	'Pending',	'2026-03-11 20:25:32.856302',	'2026-03-11 20:25:32.856302'),
(582,	27,	'2027-06-05',	31104.10,	24685.79,	6418.31,	148114.75,	'Pending',	'2026-03-11 20:25:32.856302',	'2026-03-11 20:25:32.856302'),
(583,	27,	'2027-07-05',	31104.10,	24685.79,	6418.31,	123428.96,	'Pending',	'2026-03-11 20:25:32.856302',	'2026-03-11 20:25:32.856303'),
(584,	27,	'2027-08-04',	31104.10,	24685.79,	6418.31,	98743.17,	'Pending',	'2026-03-11 20:25:32.856303',	'2026-03-11 20:25:32.856303'),
(585,	27,	'2027-09-03',	31104.10,	24685.79,	6418.31,	74057.37,	'Pending',	'2026-03-11 20:25:32.856303',	'2026-03-11 20:25:32.856303'),
(586,	27,	'2027-10-03',	31104.10,	24685.79,	6418.31,	49371.58,	'Pending',	'2026-03-11 20:25:32.856304',	'2026-03-11 20:25:32.856304'),
(587,	27,	'2027-11-02',	31104.10,	24685.79,	6418.31,	24685.79,	'Pending',	'2026-03-11 20:25:32.856304',	'2026-03-11 20:25:32.856304'),
(588,	27,	'2027-12-02',	31104.10,	24685.79,	6418.31,	0.00,	'Pending',	'2026-03-11 20:25:32.856304',	'2026-03-11 20:25:32.856305'),
(589,	28,	'2025-09-28',	35799.27,	29343.67,	6455.61,	322780.33,	'Pending',	'2026-03-11 20:25:32.859346',	'2026-03-11 20:25:32.859348'),
(590,	28,	'2025-10-28',	35799.27,	29343.67,	6455.61,	293436.67,	'Pending',	'2026-03-11 20:25:32.859349',	'2026-03-11 20:25:32.85935'),
(591,	28,	'2025-11-27',	35799.27,	29343.67,	6455.61,	264093.00,	'Pending',	'2026-03-11 20:25:32.85935',	'2026-03-11 20:25:32.85935'),
(592,	28,	'2025-12-27',	35799.27,	29343.67,	6455.61,	234749.33,	'Pending',	'2026-03-11 20:25:32.85935',	'2026-03-11 20:25:32.859351'),
(593,	28,	'2026-01-26',	35799.27,	29343.67,	6455.61,	205405.67,	'Pending',	'2026-03-11 20:25:32.859351',	'2026-03-11 20:25:32.859351'),
(594,	28,	'2026-02-25',	35799.27,	29343.67,	6455.61,	176062.00,	'Pending',	'2026-03-11 20:25:32.859351',	'2026-03-11 20:25:32.859351'),
(595,	28,	'2026-03-27',	35799.27,	29343.67,	6455.61,	146718.33,	'Pending',	'2026-03-11 20:25:32.859352',	'2026-03-11 20:25:32.859352'),
(596,	28,	'2026-04-26',	35799.27,	29343.67,	6455.61,	117374.67,	'Pending',	'2026-03-11 20:25:32.859352',	'2026-03-11 20:25:32.859352'),
(597,	28,	'2026-05-26',	35799.27,	29343.67,	6455.61,	88031.00,	'Pending',	'2026-03-11 20:25:32.859353',	'2026-03-11 20:25:32.859353'),
(598,	28,	'2026-06-25',	35799.27,	29343.67,	6455.61,	58687.33,	'Pending',	'2026-03-11 20:25:32.859353',	'2026-03-11 20:25:32.859353'),
(599,	28,	'2026-07-25',	35799.27,	29343.67,	6455.61,	29343.67,	'Pending',	'2026-03-11 20:25:32.859353',	'2026-03-11 20:25:32.859354'),
(600,	28,	'2026-08-24',	35799.27,	29343.67,	6455.61,	0.00,	'Pending',	'2026-03-11 20:25:32.859354',	'2026-03-11 20:25:32.859354'),
(602,	29,	'2026-03-15',	20959.47,	16634.50,	4324.97,	365959.00,	'Pending',	'2026-03-11 20:25:32.862104',	'2026-03-11 20:25:32.862105'),
(603,	29,	'2026-04-14',	20959.47,	16634.50,	4324.97,	349324.50,	'Pending',	'2026-03-11 20:25:32.862105',	'2026-03-11 20:25:32.862105'),
(604,	29,	'2026-05-14',	20959.47,	16634.50,	4324.97,	332690.00,	'Pending',	'2026-03-11 20:25:32.862105',	'2026-03-11 20:25:32.862105'),
(605,	29,	'2026-06-13',	20959.47,	16634.50,	4324.97,	316055.50,	'Pending',	'2026-03-11 20:25:32.862106',	'2026-03-11 20:25:32.862106'),
(606,	29,	'2026-07-13',	20959.47,	16634.50,	4324.97,	299421.00,	'Pending',	'2026-03-11 20:25:32.862106',	'2026-03-11 20:25:32.862106'),
(607,	29,	'2026-08-12',	20959.47,	16634.50,	4324.97,	282786.50,	'Pending',	'2026-03-11 20:25:32.862107',	'2026-03-11 20:25:32.862107'),
(608,	29,	'2026-09-11',	20959.47,	16634.50,	4324.97,	266152.00,	'Pending',	'2026-03-11 20:25:32.862107',	'2026-03-11 20:25:32.862107'),
(609,	29,	'2026-10-11',	20959.47,	16634.50,	4324.97,	249517.50,	'Pending',	'2026-03-11 20:25:32.862107',	'2026-03-11 20:25:32.862108'),
(610,	29,	'2026-11-10',	20959.47,	16634.50,	4324.97,	232883.00,	'Pending',	'2026-03-11 20:25:32.862108',	'2026-03-11 20:25:32.862108'),
(611,	29,	'2026-12-10',	20959.47,	16634.50,	4324.97,	216248.50,	'Pending',	'2026-03-11 20:25:32.862108',	'2026-03-11 20:25:32.862108'),
(612,	29,	'2027-01-09',	20959.47,	16634.50,	4324.97,	199614.00,	'Pending',	'2026-03-11 20:25:32.862109',	'2026-03-11 20:25:32.862109'),
(613,	29,	'2027-02-08',	20959.47,	16634.50,	4324.97,	182979.50,	'Pending',	'2026-03-11 20:25:32.862109',	'2026-03-11 20:25:32.862109'),
(614,	29,	'2027-03-10',	20959.47,	16634.50,	4324.97,	166345.00,	'Pending',	'2026-03-11 20:25:32.862109',	'2026-03-11 20:25:32.862109'),
(615,	29,	'2027-04-09',	20959.47,	16634.50,	4324.97,	149710.50,	'Pending',	'2026-03-11 20:25:32.86211',	'2026-03-11 20:25:32.86211'),
(616,	29,	'2027-05-09',	20959.47,	16634.50,	4324.97,	133076.00,	'Pending',	'2026-03-11 20:25:32.86211',	'2026-03-11 20:25:32.86211'),
(617,	29,	'2027-06-08',	20959.47,	16634.50,	4324.97,	116441.50,	'Pending',	'2026-03-11 20:25:32.86211',	'2026-03-11 20:25:32.862111'),
(618,	29,	'2027-07-08',	20959.47,	16634.50,	4324.97,	99807.00,	'Pending',	'2026-03-11 20:25:32.862111',	'2026-03-11 20:25:32.862111'),
(619,	29,	'2027-08-07',	20959.47,	16634.50,	4324.97,	83172.50,	'Pending',	'2026-03-11 20:25:32.862111',	'2026-03-11 20:25:32.862111'),
(620,	29,	'2027-09-06',	20959.47,	16634.50,	4324.97,	66538.00,	'Pending',	'2026-03-11 20:25:32.862112',	'2026-03-11 20:25:32.862112'),
(621,	29,	'2027-10-06',	20959.47,	16634.50,	4324.97,	49903.50,	'Pending',	'2026-03-11 20:25:32.862112',	'2026-03-11 20:25:32.862112'),
(622,	29,	'2027-11-05',	20959.47,	16634.50,	4324.97,	33269.00,	'Pending',	'2026-03-11 20:25:32.862112',	'2026-03-11 20:25:32.862112'),
(623,	29,	'2027-12-05',	20959.47,	16634.50,	4324.97,	16634.50,	'Pending',	'2026-03-11 20:25:32.862113',	'2026-03-11 20:25:32.862113'),
(624,	29,	'2028-01-04',	20959.47,	16634.50,	4324.97,	0.00,	'Pending',	'2026-03-11 20:25:32.862113',	'2026-03-11 20:25:32.862113'),
(625,	30,	'2026-03-09',	38028.83,	27962.38,	10066.46,	643134.63,	'Pending',	'2026-03-11 20:25:32.86482',	'2026-03-11 20:25:32.864821'),
(626,	30,	'2026-04-08',	38028.83,	27962.38,	10066.46,	615172.25,	'Pending',	'2026-03-11 20:25:32.864822',	'2026-03-11 20:25:32.864822'),
(627,	30,	'2026-05-08',	38028.83,	27962.38,	10066.46,	587209.88,	'Pending',	'2026-03-11 20:25:32.864822',	'2026-03-11 20:25:32.864822'),
(628,	30,	'2026-06-07',	38028.83,	27962.38,	10066.46,	559247.50,	'Pending',	'2026-03-11 20:25:32.864823',	'2026-03-11 20:25:32.864823'),
(629,	30,	'2026-07-07',	38028.83,	27962.38,	10066.46,	531285.13,	'Pending',	'2026-03-11 20:25:32.864823',	'2026-03-11 20:25:32.864823'),
(630,	30,	'2026-08-06',	38028.83,	27962.38,	10066.46,	503322.75,	'Pending',	'2026-03-11 20:25:32.864823',	'2026-03-11 20:25:32.864824'),
(631,	30,	'2026-09-05',	38028.83,	27962.38,	10066.46,	475360.38,	'Pending',	'2026-03-11 20:25:32.864824',	'2026-03-11 20:25:32.864824'),
(632,	30,	'2026-10-05',	38028.83,	27962.38,	10066.46,	447398.00,	'Pending',	'2026-03-11 20:25:32.864824',	'2026-03-11 20:25:32.864824'),
(633,	30,	'2026-11-04',	38028.83,	27962.38,	10066.46,	419435.63,	'Pending',	'2026-03-11 20:25:32.864824',	'2026-03-11 20:25:32.864825'),
(634,	30,	'2026-12-04',	38028.83,	27962.38,	10066.46,	391473.25,	'Pending',	'2026-03-11 20:25:32.864825',	'2026-03-11 20:25:32.864825'),
(635,	30,	'2027-01-03',	38028.83,	27962.38,	10066.46,	363510.88,	'Pending',	'2026-03-11 20:25:32.864825',	'2026-03-11 20:25:32.864825'),
(636,	30,	'2027-02-02',	38028.83,	27962.38,	10066.46,	335548.50,	'Pending',	'2026-03-11 20:25:32.864826',	'2026-03-11 20:25:32.864826'),
(637,	30,	'2027-03-04',	38028.83,	27962.38,	10066.46,	307586.13,	'Pending',	'2026-03-11 20:25:32.864826',	'2026-03-11 20:25:32.864826'),
(638,	30,	'2027-04-03',	38028.83,	27962.38,	10066.46,	279623.75,	'Pending',	'2026-03-11 20:25:32.864826',	'2026-03-11 20:25:32.864826'),
(639,	30,	'2027-05-03',	38028.83,	27962.38,	10066.46,	251661.38,	'Pending',	'2026-03-11 20:25:32.864827',	'2026-03-11 20:25:32.864827'),
(640,	30,	'2027-06-02',	38028.83,	27962.38,	10066.46,	223699.00,	'Pending',	'2026-03-11 20:25:32.864827',	'2026-03-11 20:25:32.864827'),
(641,	30,	'2027-07-02',	38028.83,	27962.38,	10066.46,	195736.63,	'Pending',	'2026-03-11 20:25:32.864827',	'2026-03-11 20:25:32.864827'),
(642,	30,	'2027-08-01',	38028.83,	27962.38,	10066.46,	167774.25,	'Pending',	'2026-03-11 20:25:32.864828',	'2026-03-11 20:25:32.864828'),
(643,	30,	'2027-08-31',	38028.83,	27962.38,	10066.46,	139811.88,	'Pending',	'2026-03-11 20:25:32.864828',	'2026-03-11 20:25:32.864828'),
(644,	30,	'2027-09-30',	38028.83,	27962.38,	10066.46,	111849.50,	'Pending',	'2026-03-11 20:25:32.864828',	'2026-03-11 20:25:32.864829'),
(645,	30,	'2027-10-30',	38028.83,	27962.38,	10066.46,	83887.13,	'Pending',	'2026-03-11 20:25:32.864829',	'2026-03-11 20:25:32.864829'),
(646,	30,	'2027-11-29',	38028.83,	27962.38,	10066.46,	55924.75,	'Pending',	'2026-03-11 20:25:32.864829',	'2026-03-11 20:25:32.864829'),
(647,	30,	'2027-12-29',	38028.83,	27962.38,	10066.46,	27962.38,	'Pending',	'2026-03-11 20:25:32.864829',	'2026-03-11 20:25:32.86483'),
(648,	30,	'2028-01-28',	38028.83,	27962.38,	10066.46,	0.00,	'Pending',	'2026-03-11 20:25:32.86483',	'2026-03-11 20:25:32.86483'),
(649,	31,	'2025-11-02',	47973.11,	34763.13,	13209.99,	799551.88,	'Pending',	'2026-03-11 20:25:32.867502',	'2026-03-11 20:25:32.867503'),
(650,	31,	'2025-12-02',	47973.11,	34763.13,	13209.99,	764788.75,	'Pending',	'2026-03-11 20:25:32.867504',	'2026-03-11 20:25:32.867504'),
(651,	31,	'2026-01-01',	47973.11,	34763.13,	13209.99,	730025.63,	'Pending',	'2026-03-11 20:25:32.867504',	'2026-03-11 20:25:32.867505'),
(652,	31,	'2026-01-31',	47973.11,	34763.13,	13209.99,	695262.50,	'Pending',	'2026-03-11 20:25:32.867505',	'2026-03-11 20:25:32.867505'),
(653,	31,	'2026-03-02',	47973.11,	34763.13,	13209.99,	660499.38,	'Pending',	'2026-03-11 20:25:32.867505',	'2026-03-11 20:25:32.867505'),
(654,	31,	'2026-04-01',	47973.11,	34763.13,	13209.99,	625736.25,	'Pending',	'2026-03-11 20:25:32.867506',	'2026-03-11 20:25:32.867506'),
(655,	31,	'2026-05-01',	47973.11,	34763.13,	13209.99,	590973.13,	'Pending',	'2026-03-11 20:25:32.867506',	'2026-03-11 20:25:32.867506'),
(656,	31,	'2026-05-31',	47973.11,	34763.13,	13209.99,	556210.00,	'Pending',	'2026-03-11 20:25:32.867506',	'2026-03-11 20:25:32.867506'),
(657,	31,	'2026-06-30',	47973.11,	34763.13,	13209.99,	521446.88,	'Pending',	'2026-03-11 20:25:32.867507',	'2026-03-11 20:25:32.867507'),
(658,	31,	'2026-07-30',	47973.11,	34763.13,	13209.99,	486683.75,	'Pending',	'2026-03-11 20:25:32.867507',	'2026-03-11 20:25:32.867507'),
(659,	31,	'2026-08-29',	47973.11,	34763.13,	13209.99,	451920.63,	'Pending',	'2026-03-11 20:25:32.867507',	'2026-03-11 20:25:32.867508'),
(660,	31,	'2026-09-28',	47973.11,	34763.13,	13209.99,	417157.50,	'Pending',	'2026-03-11 20:25:32.867508',	'2026-03-11 20:25:32.867508'),
(661,	31,	'2026-10-28',	47973.11,	34763.13,	13209.99,	382394.38,	'Pending',	'2026-03-11 20:25:32.867508',	'2026-03-11 20:25:32.867508'),
(662,	31,	'2026-11-27',	47973.11,	34763.13,	13209.99,	347631.25,	'Pending',	'2026-03-11 20:25:32.867508',	'2026-03-11 20:25:32.867509'),
(663,	31,	'2026-12-27',	47973.11,	34763.13,	13209.99,	312868.13,	'Pending',	'2026-03-11 20:25:32.867509',	'2026-03-11 20:25:32.867509'),
(664,	31,	'2027-01-26',	47973.11,	34763.13,	13209.99,	278105.00,	'Pending',	'2026-03-11 20:25:32.867509',	'2026-03-11 20:25:32.867509'),
(665,	31,	'2027-02-25',	47973.11,	34763.13,	13209.99,	243341.88,	'Pending',	'2026-03-11 20:25:32.867509',	'2026-03-11 20:25:32.86751'),
(666,	31,	'2027-03-27',	47973.11,	34763.13,	13209.99,	208578.75,	'Pending',	'2026-03-11 20:25:32.86751',	'2026-03-11 20:25:32.86751'),
(667,	31,	'2027-04-26',	47973.11,	34763.13,	13209.99,	173815.63,	'Pending',	'2026-03-11 20:25:32.86751',	'2026-03-11 20:25:32.86751'),
(668,	31,	'2027-05-26',	47973.11,	34763.13,	13209.99,	139052.50,	'Pending',	'2026-03-11 20:25:32.867511',	'2026-03-11 20:25:32.867511'),
(669,	31,	'2027-06-25',	47973.11,	34763.13,	13209.99,	104289.38,	'Pending',	'2026-03-11 20:25:32.867511',	'2026-03-11 20:25:32.867511'),
(670,	31,	'2027-07-25',	47973.11,	34763.13,	13209.99,	69526.25,	'Pending',	'2026-03-11 20:25:32.867511',	'2026-03-11 20:25:32.867511'),
(671,	31,	'2027-08-24',	47973.11,	34763.13,	13209.99,	34763.13,	'Pending',	'2026-03-11 20:25:32.867512',	'2026-03-11 20:25:32.867512'),
(672,	31,	'2027-09-23',	47973.11,	34763.13,	13209.99,	0.00,	'Pending',	'2026-03-11 20:25:32.867512',	'2026-03-11 20:25:32.867512'),
(674,	32,	'2025-12-13',	23043.81,	14677.58,	8366.22,	499037.83,	'Pending',	'2026-03-11 20:25:32.87066',	'2026-03-11 20:25:32.87066'),
(675,	32,	'2026-01-12',	23043.81,	14677.58,	8366.22,	484360.25,	'Pending',	'2026-03-11 20:25:32.870661',	'2026-03-11 20:25:32.870661'),
(676,	32,	'2026-02-11',	23043.81,	14677.58,	8366.22,	469682.67,	'Pending',	'2026-03-11 20:25:32.870661',	'2026-03-11 20:25:32.870661'),
(677,	32,	'2026-03-13',	23043.81,	14677.58,	8366.22,	455005.08,	'Pending',	'2026-03-11 20:25:32.870661',	'2026-03-11 20:25:32.870661'),
(678,	32,	'2026-04-12',	23043.81,	14677.58,	8366.22,	440327.50,	'Pending',	'2026-03-11 20:25:32.870662',	'2026-03-11 20:25:32.870662'),
(679,	32,	'2026-05-12',	23043.81,	14677.58,	8366.22,	425649.92,	'Pending',	'2026-03-11 20:25:32.870662',	'2026-03-11 20:25:32.870662'),
(680,	32,	'2026-06-11',	23043.81,	14677.58,	8366.22,	410972.33,	'Pending',	'2026-03-11 20:25:32.870662',	'2026-03-11 20:25:32.870663'),
(681,	32,	'2026-07-11',	23043.81,	14677.58,	8366.22,	396294.75,	'Pending',	'2026-03-11 20:25:32.870663',	'2026-03-11 20:25:32.870663'),
(682,	32,	'2026-08-10',	23043.81,	14677.58,	8366.22,	381617.17,	'Pending',	'2026-03-11 20:25:32.870663',	'2026-03-11 20:25:32.870663'),
(683,	32,	'2026-09-09',	23043.81,	14677.58,	8366.22,	366939.58,	'Pending',	'2026-03-11 20:25:32.870664',	'2026-03-11 20:25:32.870664'),
(684,	32,	'2026-10-09',	23043.81,	14677.58,	8366.22,	352262.00,	'Pending',	'2026-03-11 20:25:32.870664',	'2026-03-11 20:25:32.870664'),
(685,	32,	'2026-11-08',	23043.81,	14677.58,	8366.22,	337584.42,	'Pending',	'2026-03-11 20:25:32.870665',	'2026-03-11 20:25:32.870665'),
(686,	32,	'2026-12-08',	23043.81,	14677.58,	8366.22,	322906.83,	'Pending',	'2026-03-11 20:25:32.870665',	'2026-03-11 20:25:32.870665'),
(687,	32,	'2027-01-07',	23043.81,	14677.58,	8366.22,	308229.25,	'Pending',	'2026-03-11 20:25:32.870666',	'2026-03-11 20:25:32.870666'),
(688,	32,	'2027-02-06',	23043.81,	14677.58,	8366.22,	293551.67,	'Pending',	'2026-03-11 20:25:32.870666',	'2026-03-11 20:25:32.870666'),
(689,	32,	'2027-03-08',	23043.81,	14677.58,	8366.22,	278874.08,	'Pending',	'2026-03-11 20:25:32.870666',	'2026-03-11 20:25:32.870667'),
(690,	32,	'2027-04-07',	23043.81,	14677.58,	8366.22,	264196.50,	'Pending',	'2026-03-11 20:25:32.870667',	'2026-03-11 20:25:32.870667'),
(691,	32,	'2027-05-07',	23043.81,	14677.58,	8366.22,	249518.92,	'Pending',	'2026-03-11 20:25:32.870667',	'2026-03-11 20:25:32.870667'),
(692,	32,	'2027-06-06',	23043.81,	14677.58,	8366.22,	234841.33,	'Pending',	'2026-03-11 20:25:32.870668',	'2026-03-11 20:25:32.870668'),
(693,	32,	'2027-07-06',	23043.81,	14677.58,	8366.22,	220163.75,	'Pending',	'2026-03-11 20:25:32.870668',	'2026-03-11 20:25:32.870668'),
(694,	32,	'2027-08-05',	23043.81,	14677.58,	8366.22,	205486.17,	'Pending',	'2026-03-11 20:25:32.870668',	'2026-03-11 20:25:32.870668'),
(695,	32,	'2027-09-04',	23043.81,	14677.58,	8366.22,	190808.58,	'Pending',	'2026-03-11 20:25:32.870669',	'2026-03-11 20:25:32.870669'),
(696,	32,	'2027-10-04',	23043.81,	14677.58,	8366.22,	176131.00,	'Pending',	'2026-03-11 20:25:32.870669',	'2026-03-11 20:25:32.870669'),
(697,	32,	'2027-11-03',	23043.81,	14677.58,	8366.22,	161453.42,	'Pending',	'2026-03-11 20:25:32.870669',	'2026-03-11 20:25:32.87067'),
(698,	32,	'2027-12-03',	23043.81,	14677.58,	8366.22,	146775.83,	'Pending',	'2026-03-11 20:25:32.87067',	'2026-03-11 20:25:32.87067'),
(699,	32,	'2028-01-02',	23043.81,	14677.58,	8366.22,	132098.25,	'Pending',	'2026-03-11 20:25:32.87067',	'2026-03-11 20:25:32.87067'),
(700,	32,	'2028-02-01',	23043.81,	14677.58,	8366.22,	117420.67,	'Pending',	'2026-03-11 20:25:32.870671',	'2026-03-11 20:25:32.870671'),
(701,	32,	'2028-03-02',	23043.81,	14677.58,	8366.22,	102743.08,	'Pending',	'2026-03-11 20:25:32.870671',	'2026-03-11 20:25:32.870671'),
(702,	32,	'2028-04-01',	23043.81,	14677.58,	8366.22,	88065.50,	'Pending',	'2026-03-11 20:25:32.870671',	'2026-03-11 20:25:32.870672'),
(703,	32,	'2028-05-01',	23043.81,	14677.58,	8366.22,	73387.92,	'Pending',	'2026-03-11 20:25:32.870672',	'2026-03-11 20:25:32.870672'),
(704,	32,	'2028-05-31',	23043.81,	14677.58,	8366.22,	58710.33,	'Pending',	'2026-03-11 20:25:32.870672',	'2026-03-11 20:25:32.870672'),
(705,	32,	'2028-06-30',	23043.81,	14677.58,	8366.22,	44032.75,	'Pending',	'2026-03-11 20:25:32.870673',	'2026-03-11 20:25:32.870673'),
(706,	32,	'2028-07-30',	23043.81,	14677.58,	8366.22,	29355.17,	'Pending',	'2026-03-11 20:25:32.870673',	'2026-03-11 20:25:32.870673'),
(707,	32,	'2028-08-29',	23043.81,	14677.58,	8366.22,	14677.58,	'Pending',	'2026-03-11 20:25:32.870673',	'2026-03-11 20:25:32.870673'),
(708,	32,	'2028-09-28',	23043.81,	14677.58,	8366.22,	0.00,	'Pending',	'2026-03-11 20:25:32.870674',	'2026-03-11 20:25:32.870674'),
(710,	33,	'2026-03-20',	16257.88,	11212.33,	5045.55,	381219.33,	'Pending',	'2026-03-11 20:25:32.874831',	'2026-03-11 20:25:32.874831'),
(711,	33,	'2026-04-19',	16257.88,	11212.33,	5045.55,	370007.00,	'Pending',	'2026-03-11 20:25:32.874831',	'2026-03-11 20:25:32.874831'),
(712,	33,	'2026-05-19',	16257.88,	11212.33,	5045.55,	358794.67,	'Pending',	'2026-03-11 20:25:32.874832',	'2026-03-11 20:25:32.874832'),
(713,	33,	'2026-06-18',	16257.88,	11212.33,	5045.55,	347582.33,	'Pending',	'2026-03-11 20:25:32.874832',	'2026-03-11 20:25:32.874832'),
(714,	33,	'2026-07-18',	16257.88,	11212.33,	5045.55,	336370.00,	'Pending',	'2026-03-11 20:25:32.874832',	'2026-03-11 20:25:32.874833'),
(715,	33,	'2026-08-17',	16257.88,	11212.33,	5045.55,	325157.67,	'Pending',	'2026-03-11 20:25:32.874833',	'2026-03-11 20:25:32.874833'),
(716,	33,	'2026-09-16',	16257.88,	11212.33,	5045.55,	313945.33,	'Pending',	'2026-03-11 20:25:32.874833',	'2026-03-11 20:25:32.874834'),
(717,	33,	'2026-10-16',	16257.88,	11212.33,	5045.55,	302733.00,	'Pending',	'2026-03-11 20:25:32.874834',	'2026-03-11 20:25:32.874834'),
(718,	33,	'2026-11-15',	16257.88,	11212.33,	5045.55,	291520.67,	'Pending',	'2026-03-11 20:25:32.874834',	'2026-03-11 20:25:32.874834'),
(719,	33,	'2026-12-15',	16257.88,	11212.33,	5045.55,	280308.33,	'Pending',	'2026-03-11 20:25:32.874835',	'2026-03-11 20:25:32.874835'),
(720,	33,	'2027-01-14',	16257.88,	11212.33,	5045.55,	269096.00,	'Pending',	'2026-03-11 20:25:32.874835',	'2026-03-11 20:25:32.874835'),
(721,	33,	'2027-02-13',	16257.88,	11212.33,	5045.55,	257883.67,	'Pending',	'2026-03-11 20:25:32.874835',	'2026-03-11 20:25:32.874835'),
(722,	33,	'2027-03-15',	16257.88,	11212.33,	5045.55,	246671.33,	'Pending',	'2026-03-11 20:25:32.874836',	'2026-03-11 20:25:32.874836'),
(723,	33,	'2027-04-14',	16257.88,	11212.33,	5045.55,	235459.00,	'Pending',	'2026-03-11 20:25:32.874836',	'2026-03-11 20:25:32.874836'),
(724,	33,	'2027-05-14',	16257.88,	11212.33,	5045.55,	224246.67,	'Pending',	'2026-03-11 20:25:32.874836',	'2026-03-11 20:25:32.874837'),
(725,	33,	'2027-06-13',	16257.88,	11212.33,	5045.55,	213034.33,	'Pending',	'2026-03-11 20:25:32.874837',	'2026-03-11 20:25:32.874837'),
(726,	33,	'2027-07-13',	16257.88,	11212.33,	5045.55,	201822.00,	'Pending',	'2026-03-11 20:25:32.874848',	'2026-03-11 20:25:32.874848'),
(727,	33,	'2027-08-12',	16257.88,	11212.33,	5045.55,	190609.67,	'Pending',	'2026-03-11 20:25:32.874849',	'2026-03-11 20:25:32.874849'),
(728,	33,	'2027-09-11',	16257.88,	11212.33,	5045.55,	179397.33,	'Pending',	'2026-03-11 20:25:32.874849',	'2026-03-11 20:25:32.874849'),
(729,	33,	'2027-10-11',	16257.88,	11212.33,	5045.55,	168185.00,	'Pending',	'2026-03-11 20:25:32.874849',	'2026-03-11 20:25:32.87485'),
(730,	33,	'2027-11-10',	16257.88,	11212.33,	5045.55,	156972.67,	'Pending',	'2026-03-11 20:25:32.87485',	'2026-03-11 20:25:32.87485'),
(731,	33,	'2027-12-10',	16257.88,	11212.33,	5045.55,	145760.33,	'Pending',	'2026-03-11 20:25:32.87485',	'2026-03-11 20:25:32.87485'),
(732,	33,	'2028-01-09',	16257.88,	11212.33,	5045.55,	134548.00,	'Pending',	'2026-03-11 20:25:32.874851',	'2026-03-11 20:25:32.874851'),
(733,	33,	'2028-02-08',	16257.88,	11212.33,	5045.55,	123335.67,	'Pending',	'2026-03-11 20:25:32.874851',	'2026-03-11 20:25:32.874851'),
(734,	33,	'2028-03-09',	16257.88,	11212.33,	5045.55,	112123.33,	'Pending',	'2026-03-11 20:25:32.874851',	'2026-03-11 20:25:32.874851'),
(735,	33,	'2028-04-08',	16257.88,	11212.33,	5045.55,	100911.00,	'Pending',	'2026-03-11 20:25:32.874852',	'2026-03-11 20:25:32.874852'),
(736,	33,	'2028-05-08',	16257.88,	11212.33,	5045.55,	89698.67,	'Pending',	'2026-03-11 20:25:32.874852',	'2026-03-11 20:25:32.874852'),
(737,	33,	'2028-06-07',	16257.88,	11212.33,	5045.55,	78486.33,	'Pending',	'2026-03-11 20:25:32.874852',	'2026-03-11 20:25:32.874853'),
(738,	33,	'2028-07-07',	16257.88,	11212.33,	5045.55,	67274.00,	'Pending',	'2026-03-11 20:25:32.874853',	'2026-03-11 20:25:32.874853'),
(739,	33,	'2028-08-06',	16257.88,	11212.33,	5045.55,	56061.67,	'Pending',	'2026-03-11 20:25:32.874853',	'2026-03-11 20:25:32.874853'),
(740,	33,	'2028-09-05',	16257.88,	11212.33,	5045.55,	44849.33,	'Pending',	'2026-03-11 20:25:32.874853',	'2026-03-11 20:25:32.874854'),
(741,	33,	'2028-10-05',	16257.88,	11212.33,	5045.55,	33637.00,	'Pending',	'2026-03-11 20:25:32.874854',	'2026-03-11 20:25:32.874854'),
(742,	33,	'2028-11-04',	16257.88,	11212.33,	5045.55,	22424.67,	'Pending',	'2026-03-11 20:25:32.874854',	'2026-03-11 20:25:32.874854'),
(743,	33,	'2028-12-04',	16257.88,	11212.33,	5045.55,	11212.33,	'Pending',	'2026-03-11 20:25:32.874855',	'2026-03-11 20:25:32.874855'),
(744,	33,	'2029-01-03',	16257.88,	11212.33,	5045.55,	0.00,	'Pending',	'2026-03-11 20:25:32.874855',	'2026-03-11 20:25:32.874855'),
(746,	34,	'2026-02-02',	42739.16,	26711.97,	16027.18,	908207.06,	'Pending',	'2026-03-11 20:25:32.878047',	'2026-03-11 20:25:32.878047'),
(747,	34,	'2026-03-04',	42739.16,	26711.97,	16027.18,	881495.08,	'Pending',	'2026-03-11 20:25:32.878048',	'2026-03-11 20:25:32.878048'),
(748,	34,	'2026-04-03',	42739.16,	26711.97,	16027.18,	854783.11,	'Pending',	'2026-03-11 20:25:32.878048',	'2026-03-11 20:25:32.878048'),
(749,	34,	'2026-05-03',	42739.16,	26711.97,	16027.18,	828071.14,	'Pending',	'2026-03-11 20:25:32.878048',	'2026-03-11 20:25:32.878049'),
(750,	34,	'2026-06-02',	42739.16,	26711.97,	16027.18,	801359.17,	'Pending',	'2026-03-11 20:25:32.878049',	'2026-03-11 20:25:32.878049'),
(751,	34,	'2026-07-02',	42739.16,	26711.97,	16027.18,	774647.19,	'Pending',	'2026-03-11 20:25:32.878049',	'2026-03-11 20:25:32.878049'),
(752,	34,	'2026-08-01',	42739.16,	26711.97,	16027.18,	747935.22,	'Pending',	'2026-03-11 20:25:32.878049',	'2026-03-11 20:25:32.87805'),
(753,	34,	'2026-08-31',	42739.16,	26711.97,	16027.18,	721223.25,	'Pending',	'2026-03-11 20:25:32.87805',	'2026-03-11 20:25:32.87805'),
(754,	34,	'2026-09-30',	42739.16,	26711.97,	16027.18,	694511.28,	'Pending',	'2026-03-11 20:25:32.87805',	'2026-03-11 20:25:32.87805'),
(755,	34,	'2026-10-30',	42739.16,	26711.97,	16027.18,	667799.31,	'Pending',	'2026-03-11 20:25:32.878051',	'2026-03-11 20:25:32.878051'),
(756,	34,	'2026-11-29',	42739.16,	26711.97,	16027.18,	641087.33,	'Pending',	'2026-03-11 20:25:32.878051',	'2026-03-11 20:25:32.878051'),
(757,	34,	'2026-12-29',	42739.16,	26711.97,	16027.18,	614375.36,	'Pending',	'2026-03-11 20:25:32.878051',	'2026-03-11 20:25:32.878051'),
(758,	34,	'2027-01-28',	42739.16,	26711.97,	16027.18,	587663.39,	'Pending',	'2026-03-11 20:25:32.878052',	'2026-03-11 20:25:32.878052'),
(759,	34,	'2027-02-27',	42739.16,	26711.97,	16027.18,	560951.42,	'Pending',	'2026-03-11 20:25:32.878052',	'2026-03-11 20:25:32.878052'),
(760,	34,	'2027-03-29',	42739.16,	26711.97,	16027.18,	534239.44,	'Pending',	'2026-03-11 20:25:32.878052',	'2026-03-11 20:25:32.878053'),
(761,	34,	'2027-04-28',	42739.16,	26711.97,	16027.18,	507527.47,	'Pending',	'2026-03-11 20:25:32.878053',	'2026-03-11 20:25:32.878053'),
(762,	34,	'2027-05-28',	42739.16,	26711.97,	16027.18,	480815.50,	'Pending',	'2026-03-11 20:25:32.878053',	'2026-03-11 20:25:32.878053'),
(763,	34,	'2027-06-27',	42739.16,	26711.97,	16027.18,	454103.53,	'Pending',	'2026-03-11 20:25:32.878054',	'2026-03-11 20:25:32.878054'),
(764,	34,	'2027-07-27',	42739.16,	26711.97,	16027.18,	427391.56,	'Pending',	'2026-03-11 20:25:32.878054',	'2026-03-11 20:25:32.878054'),
(765,	34,	'2027-08-26',	42739.16,	26711.97,	16027.18,	400679.58,	'Pending',	'2026-03-11 20:25:32.878054',	'2026-03-11 20:25:32.878054'),
(766,	34,	'2027-09-25',	42739.16,	26711.97,	16027.18,	373967.61,	'Pending',	'2026-03-11 20:25:32.878055',	'2026-03-11 20:25:32.878055'),
(767,	34,	'2027-10-25',	42739.16,	26711.97,	16027.18,	347255.64,	'Pending',	'2026-03-11 20:25:32.878055',	'2026-03-11 20:25:32.878055'),
(768,	34,	'2027-11-24',	42739.16,	26711.97,	16027.18,	320543.67,	'Pending',	'2026-03-11 20:25:32.878055',	'2026-03-11 20:25:32.878056'),
(769,	34,	'2027-12-24',	42739.16,	26711.97,	16027.18,	293831.69,	'Pending',	'2026-03-11 20:25:32.878056',	'2026-03-11 20:25:32.878056'),
(770,	34,	'2028-01-23',	42739.16,	26711.97,	16027.18,	267119.72,	'Pending',	'2026-03-11 20:25:32.878056',	'2026-03-11 20:25:32.878056'),
(771,	34,	'2028-02-22',	42739.16,	26711.97,	16027.18,	240407.75,	'Pending',	'2026-03-11 20:25:32.878056',	'2026-03-11 20:25:32.878057'),
(772,	34,	'2028-03-23',	42739.16,	26711.97,	16027.18,	213695.78,	'Pending',	'2026-03-11 20:25:32.878057',	'2026-03-11 20:25:32.878057'),
(773,	34,	'2028-04-22',	42739.16,	26711.97,	16027.18,	186983.81,	'Pending',	'2026-03-11 20:25:32.878057',	'2026-03-11 20:25:32.878057'),
(774,	34,	'2028-05-22',	42739.16,	26711.97,	16027.18,	160271.83,	'Pending',	'2026-03-11 20:25:32.878058',	'2026-03-11 20:25:32.878058'),
(775,	34,	'2028-06-21',	42739.16,	26711.97,	16027.18,	133559.86,	'Pending',	'2026-03-11 20:25:32.878058',	'2026-03-11 20:25:32.878058'),
(776,	34,	'2028-07-21',	42739.16,	26711.97,	16027.18,	106847.89,	'Pending',	'2026-03-11 20:25:32.878058',	'2026-03-11 20:25:32.878058'),
(777,	34,	'2028-08-20',	42739.16,	26711.97,	16027.18,	80135.92,	'Pending',	'2026-03-11 20:25:32.878059',	'2026-03-11 20:25:32.878059'),
(778,	34,	'2028-09-19',	42739.16,	26711.97,	16027.18,	53423.94,	'Pending',	'2026-03-11 20:25:32.878059',	'2026-03-11 20:25:32.878059'),
(779,	34,	'2028-10-19',	42739.16,	26711.97,	16027.18,	26711.97,	'Pending',	'2026-03-11 20:25:32.878059',	'2026-03-11 20:25:32.87806'),
(780,	34,	'2028-11-18',	42739.16,	26711.97,	16027.18,	0.00,	'Pending',	'2026-03-11 20:25:32.87806',	'2026-03-11 20:25:32.87806'),
(782,	35,	'2026-03-26',	11209.33,	8757.29,	2452.04,	192660.42,	'Pending',	'2026-03-11 20:25:32.881523',	'2026-03-11 20:25:32.881523'),
(783,	35,	'2026-04-25',	11209.33,	8757.29,	2452.04,	183903.12,	'Pending',	'2026-03-11 20:25:32.881524',	'2026-03-11 20:25:32.881524'),
(784,	35,	'2026-05-25',	11209.33,	8757.29,	2452.04,	175145.83,	'Pending',	'2026-03-11 20:25:32.881524',	'2026-03-11 20:25:32.881524'),
(785,	35,	'2026-06-24',	11209.33,	8757.29,	2452.04,	166388.54,	'Pending',	'2026-03-11 20:25:32.881525',	'2026-03-11 20:25:32.881525'),
(786,	35,	'2026-07-24',	11209.33,	8757.29,	2452.04,	157631.25,	'Pending',	'2026-03-11 20:25:32.881525',	'2026-03-11 20:25:32.881525'),
(787,	35,	'2026-08-23',	11209.33,	8757.29,	2452.04,	148873.96,	'Pending',	'2026-03-11 20:25:32.881525',	'2026-03-11 20:25:32.881525'),
(788,	35,	'2026-09-22',	11209.33,	8757.29,	2452.04,	140116.67,	'Pending',	'2026-03-11 20:25:32.881526',	'2026-03-11 20:25:32.881526'),
(789,	35,	'2026-10-22',	11209.33,	8757.29,	2452.04,	131359.37,	'Pending',	'2026-03-11 20:25:32.881526',	'2026-03-11 20:25:32.881526'),
(790,	35,	'2026-11-21',	11209.33,	8757.29,	2452.04,	122602.08,	'Pending',	'2026-03-11 20:25:32.881526',	'2026-03-11 20:25:32.881527'),
(791,	35,	'2026-12-21',	11209.33,	8757.29,	2452.04,	113844.79,	'Pending',	'2026-03-11 20:25:32.881527',	'2026-03-11 20:25:32.881527'),
(792,	35,	'2027-01-20',	11209.33,	8757.29,	2452.04,	105087.50,	'Pending',	'2026-03-11 20:25:32.881527',	'2026-03-11 20:25:32.881527'),
(793,	35,	'2027-02-19',	11209.33,	8757.29,	2452.04,	96330.21,	'Pending',	'2026-03-11 20:25:32.881527',	'2026-03-11 20:25:32.881528'),
(794,	35,	'2027-03-21',	11209.33,	8757.29,	2452.04,	87572.92,	'Pending',	'2026-03-11 20:25:32.881528',	'2026-03-11 20:25:32.881528'),
(795,	35,	'2027-04-20',	11209.33,	8757.29,	2452.04,	78815.62,	'Pending',	'2026-03-11 20:25:32.881528',	'2026-03-11 20:25:32.881528'),
(796,	35,	'2027-05-20',	11209.33,	8757.29,	2452.04,	70058.33,	'Pending',	'2026-03-11 20:25:32.881529',	'2026-03-11 20:25:32.881529'),
(797,	35,	'2027-06-19',	11209.33,	8757.29,	2452.04,	61301.04,	'Pending',	'2026-03-11 20:25:32.881529',	'2026-03-11 20:25:32.881529'),
(798,	35,	'2027-07-19',	11209.33,	8757.29,	2452.04,	52543.75,	'Pending',	'2026-03-11 20:25:32.881529',	'2026-03-11 20:25:32.881529'),
(799,	35,	'2027-08-18',	11209.33,	8757.29,	2452.04,	43786.46,	'Pending',	'2026-03-11 20:25:32.88153',	'2026-03-11 20:25:32.88153'),
(800,	35,	'2027-09-17',	11209.33,	8757.29,	2452.04,	35029.17,	'Pending',	'2026-03-11 20:25:32.88153',	'2026-03-11 20:25:32.88153'),
(801,	35,	'2027-10-17',	11209.33,	8757.29,	2452.04,	26271.87,	'Pending',	'2026-03-11 20:25:32.881531',	'2026-03-11 20:25:32.881531'),
(802,	35,	'2027-11-16',	11209.33,	8757.29,	2452.04,	17514.58,	'Pending',	'2026-03-11 20:25:32.881531',	'2026-03-11 20:25:32.881531'),
(803,	35,	'2027-12-16',	11209.33,	8757.29,	2452.04,	8757.29,	'Pending',	'2026-03-11 20:25:32.881531',	'2026-03-11 20:25:32.881531'),
(804,	35,	'2028-01-15',	11209.33,	8757.29,	2452.04,	0.00,	'Pending',	'2026-03-11 20:25:32.881532',	'2026-03-11 20:25:32.881532'),
(805,	36,	'2025-10-19',	32840.34,	23127.00,	9713.34,	809445.00,	'Pending',	'2026-03-11 20:25:32.884351',	'2026-03-11 20:25:32.884352'),
(806,	36,	'2025-11-18',	32840.34,	23127.00,	9713.34,	786318.00,	'Pending',	'2026-03-11 20:25:32.884353',	'2026-03-11 20:25:32.884353'),
(807,	36,	'2025-12-18',	32840.34,	23127.00,	9713.34,	763191.00,	'Pending',	'2026-03-11 20:25:32.884353',	'2026-03-11 20:25:32.884353'),
(808,	36,	'2026-01-17',	32840.34,	23127.00,	9713.34,	740064.00,	'Pending',	'2026-03-11 20:25:32.884353',	'2026-03-11 20:25:32.884354'),
(809,	36,	'2026-02-16',	32840.34,	23127.00,	9713.34,	716937.00,	'Pending',	'2026-03-11 20:25:32.884354',	'2026-03-11 20:25:32.884354'),
(810,	36,	'2026-03-18',	32840.34,	23127.00,	9713.34,	693810.00,	'Pending',	'2026-03-11 20:25:32.884354',	'2026-03-11 20:25:32.884354'),
(811,	36,	'2026-04-17',	32840.34,	23127.00,	9713.34,	670683.00,	'Pending',	'2026-03-11 20:25:32.884355',	'2026-03-11 20:25:32.884355'),
(812,	36,	'2026-05-17',	32840.34,	23127.00,	9713.34,	647556.00,	'Pending',	'2026-03-11 20:25:32.884355',	'2026-03-11 20:25:32.884355'),
(813,	36,	'2026-06-16',	32840.34,	23127.00,	9713.34,	624429.00,	'Pending',	'2026-03-11 20:25:32.884355',	'2026-03-11 20:25:32.884355'),
(814,	36,	'2026-07-16',	32840.34,	23127.00,	9713.34,	601302.00,	'Pending',	'2026-03-11 20:25:32.884356',	'2026-03-11 20:25:32.884356'),
(815,	36,	'2026-08-15',	32840.34,	23127.00,	9713.34,	578175.00,	'Pending',	'2026-03-11 20:25:32.884356',	'2026-03-11 20:25:32.884356'),
(816,	36,	'2026-09-14',	32840.34,	23127.00,	9713.34,	555048.00,	'Pending',	'2026-03-11 20:25:32.884356',	'2026-03-11 20:25:32.884357'),
(817,	36,	'2026-10-14',	32840.34,	23127.00,	9713.34,	531921.00,	'Pending',	'2026-03-11 20:25:32.884357',	'2026-03-11 20:25:32.884357'),
(818,	36,	'2026-11-13',	32840.34,	23127.00,	9713.34,	508794.00,	'Pending',	'2026-03-11 20:25:32.884357',	'2026-03-11 20:25:32.884357'),
(819,	36,	'2026-12-13',	32840.34,	23127.00,	9713.34,	485667.00,	'Pending',	'2026-03-11 20:25:32.884358',	'2026-03-11 20:25:32.884358'),
(820,	36,	'2027-01-12',	32840.34,	23127.00,	9713.34,	462540.00,	'Pending',	'2026-03-11 20:25:32.884358',	'2026-03-11 20:25:32.884358'),
(821,	36,	'2027-02-11',	32840.34,	23127.00,	9713.34,	439413.00,	'Pending',	'2026-03-11 20:25:32.884358',	'2026-03-11 20:25:32.884359'),
(822,	36,	'2027-03-13',	32840.34,	23127.00,	9713.34,	416286.00,	'Pending',	'2026-03-11 20:25:32.884359',	'2026-03-11 20:25:32.884359'),
(823,	36,	'2027-04-12',	32840.34,	23127.00,	9713.34,	393159.00,	'Pending',	'2026-03-11 20:25:32.884359',	'2026-03-11 20:25:32.884359'),
(824,	36,	'2027-05-12',	32840.34,	23127.00,	9713.34,	370032.00,	'Pending',	'2026-03-11 20:25:32.884359',	'2026-03-11 20:25:32.88436'),
(825,	36,	'2027-06-11',	32840.34,	23127.00,	9713.34,	346905.00,	'Pending',	'2026-03-11 20:25:32.88436',	'2026-03-11 20:25:32.88436'),
(826,	36,	'2027-07-11',	32840.34,	23127.00,	9713.34,	323778.00,	'Pending',	'2026-03-11 20:25:32.88436',	'2026-03-11 20:25:32.88436'),
(827,	36,	'2027-08-10',	32840.34,	23127.00,	9713.34,	300651.00,	'Pending',	'2026-03-11 20:25:32.884361',	'2026-03-11 20:25:32.884361'),
(828,	36,	'2027-09-09',	32840.34,	23127.00,	9713.34,	277524.00,	'Pending',	'2026-03-11 20:25:32.884361',	'2026-03-11 20:25:32.884361'),
(829,	36,	'2027-10-09',	32840.34,	23127.00,	9713.34,	254397.00,	'Pending',	'2026-03-11 20:25:32.884361',	'2026-03-11 20:25:32.884361'),
(830,	36,	'2027-11-08',	32840.34,	23127.00,	9713.34,	231270.00,	'Pending',	'2026-03-11 20:25:32.884362',	'2026-03-11 20:25:32.884362'),
(831,	36,	'2027-12-08',	32840.34,	23127.00,	9713.34,	208143.00,	'Pending',	'2026-03-11 20:25:32.884362',	'2026-03-11 20:25:32.884362'),
(832,	36,	'2028-01-07',	32840.34,	23127.00,	9713.34,	185016.00,	'Pending',	'2026-03-11 20:25:32.884362',	'2026-03-11 20:25:32.884363'),
(833,	36,	'2028-02-06',	32840.34,	23127.00,	9713.34,	161889.00,	'Pending',	'2026-03-11 20:25:32.884363',	'2026-03-11 20:25:32.884363'),
(834,	36,	'2028-03-07',	32840.34,	23127.00,	9713.34,	138762.00,	'Pending',	'2026-03-11 20:25:32.884363',	'2026-03-11 20:25:32.884363'),
(835,	36,	'2028-04-06',	32840.34,	23127.00,	9713.34,	115635.00,	'Pending',	'2026-03-11 20:25:32.884363',	'2026-03-11 20:25:32.884364'),
(836,	36,	'2028-05-06',	32840.34,	23127.00,	9713.34,	92508.00,	'Pending',	'2026-03-11 20:25:32.884364',	'2026-03-11 20:25:32.884364'),
(837,	36,	'2028-06-05',	32840.34,	23127.00,	9713.34,	69381.00,	'Pending',	'2026-03-11 20:25:32.884365',	'2026-03-11 20:25:32.884365'),
(838,	36,	'2028-07-05',	32840.34,	23127.00,	9713.34,	46254.00,	'Pending',	'2026-03-11 20:25:32.884365',	'2026-03-11 20:25:32.884365'),
(839,	36,	'2028-08-04',	32840.34,	23127.00,	9713.34,	23127.00,	'Pending',	'2026-03-11 20:25:32.884365',	'2026-03-11 20:25:32.884366'),
(840,	36,	'2028-09-03',	32840.34,	23127.00,	9713.34,	0.00,	'Pending',	'2026-03-11 20:25:32.884366',	'2026-03-11 20:25:32.884366'),
(842,	37,	'2025-10-17',	4365.94,	2835.03,	1530.92,	96390.94,	'Pending',	'2026-03-11 20:25:32.887689',	'2026-03-11 20:25:32.887689'),
(843,	37,	'2025-11-16',	4365.94,	2835.03,	1530.92,	93555.92,	'Pending',	'2026-03-11 20:25:32.887689',	'2026-03-11 20:25:32.887689'),
(844,	37,	'2025-12-16',	4365.94,	2835.03,	1530.92,	90720.89,	'Pending',	'2026-03-11 20:25:32.88769',	'2026-03-11 20:25:32.88769'),
(845,	37,	'2026-01-15',	4365.94,	2835.03,	1530.92,	87885.86,	'Pending',	'2026-03-11 20:25:32.88769',	'2026-03-11 20:25:32.88769'),
(846,	37,	'2026-02-14',	4365.94,	2835.03,	1530.92,	85050.83,	'Pending',	'2026-03-11 20:25:32.887691',	'2026-03-11 20:25:32.887691'),
(847,	37,	'2026-03-16',	4365.94,	2835.03,	1530.92,	82215.81,	'Pending',	'2026-03-11 20:25:32.887691',	'2026-03-11 20:25:32.887691'),
(848,	37,	'2026-04-15',	4365.94,	2835.03,	1530.92,	79380.78,	'Pending',	'2026-03-11 20:25:32.887691',	'2026-03-11 20:25:32.887692'),
(849,	37,	'2026-05-15',	4365.94,	2835.03,	1530.92,	76545.75,	'Pending',	'2026-03-11 20:25:32.887692',	'2026-03-11 20:25:32.887692'),
(850,	37,	'2026-06-14',	4365.94,	2835.03,	1530.92,	73710.72,	'Pending',	'2026-03-11 20:25:32.887692',	'2026-03-11 20:25:32.887692'),
(851,	37,	'2026-07-14',	4365.94,	2835.03,	1530.92,	70875.69,	'Pending',	'2026-03-11 20:25:32.887692',	'2026-03-11 20:25:32.887693'),
(852,	37,	'2026-08-13',	4365.94,	2835.03,	1530.92,	68040.67,	'Pending',	'2026-03-11 20:25:32.887693',	'2026-03-11 20:25:32.887693'),
(853,	37,	'2026-09-12',	4365.94,	2835.03,	1530.92,	65205.64,	'Pending',	'2026-03-11 20:25:32.887693',	'2026-03-11 20:25:32.887693'),
(854,	37,	'2026-10-12',	4365.94,	2835.03,	1530.92,	62370.61,	'Pending',	'2026-03-11 20:25:32.887694',	'2026-03-11 20:25:32.887694'),
(855,	37,	'2026-11-11',	4365.94,	2835.03,	1530.92,	59535.58,	'Pending',	'2026-03-11 20:25:32.887694',	'2026-03-11 20:25:32.887694'),
(856,	37,	'2026-12-11',	4365.94,	2835.03,	1530.92,	56700.56,	'Pending',	'2026-03-11 20:25:32.887695',	'2026-03-11 20:25:32.887695'),
(857,	37,	'2027-01-10',	4365.94,	2835.03,	1530.92,	53865.53,	'Pending',	'2026-03-11 20:25:32.887695',	'2026-03-11 20:25:32.887695'),
(858,	37,	'2027-02-09',	4365.94,	2835.03,	1530.92,	51030.50,	'Pending',	'2026-03-11 20:25:32.887695',	'2026-03-11 20:25:32.887696'),
(859,	37,	'2027-03-11',	4365.94,	2835.03,	1530.92,	48195.47,	'Pending',	'2026-03-11 20:25:32.887696',	'2026-03-11 20:25:32.887696'),
(860,	37,	'2027-04-10',	4365.94,	2835.03,	1530.92,	45360.44,	'Pending',	'2026-03-11 20:25:32.887696',	'2026-03-11 20:25:32.887696'),
(861,	37,	'2027-05-10',	4365.94,	2835.03,	1530.92,	42525.42,	'Pending',	'2026-03-11 20:25:32.887697',	'2026-03-11 20:25:32.887697'),
(862,	37,	'2027-06-09',	4365.94,	2835.03,	1530.92,	39690.39,	'Pending',	'2026-03-11 20:25:32.887697',	'2026-03-11 20:25:32.887697'),
(863,	37,	'2027-07-09',	4365.94,	2835.03,	1530.92,	36855.36,	'Pending',	'2026-03-11 20:25:32.887697',	'2026-03-11 20:25:32.887698'),
(864,	37,	'2027-08-08',	4365.94,	2835.03,	1530.92,	34020.33,	'Pending',	'2026-03-11 20:25:32.887698',	'2026-03-11 20:25:32.887698'),
(865,	37,	'2027-09-07',	4365.94,	2835.03,	1530.92,	31185.31,	'Pending',	'2026-03-11 20:25:32.887698',	'2026-03-11 20:25:32.887698'),
(866,	37,	'2027-10-07',	4365.94,	2835.03,	1530.92,	28350.28,	'Pending',	'2026-03-11 20:25:32.887699',	'2026-03-11 20:25:32.887699'),
(867,	37,	'2027-11-06',	4365.94,	2835.03,	1530.92,	25515.25,	'Pending',	'2026-03-11 20:25:32.887699',	'2026-03-11 20:25:32.887699'),
(868,	37,	'2027-12-06',	4365.94,	2835.03,	1530.92,	22680.22,	'Pending',	'2026-03-11 20:25:32.887699',	'2026-03-11 20:25:32.8877'),
(869,	37,	'2028-01-05',	4365.94,	2835.03,	1530.92,	19845.19,	'Pending',	'2026-03-11 20:25:32.8877',	'2026-03-11 20:25:32.8877'),
(870,	37,	'2028-02-04',	4365.94,	2835.03,	1530.92,	17010.17,	'Pending',	'2026-03-11 20:25:32.8877',	'2026-03-11 20:25:32.887701'),
(871,	37,	'2028-03-05',	4365.94,	2835.03,	1530.92,	14175.14,	'Pending',	'2026-03-11 20:25:32.887701',	'2026-03-11 20:25:32.887701'),
(872,	37,	'2028-04-04',	4365.94,	2835.03,	1530.92,	11340.11,	'Pending',	'2026-03-11 20:25:32.887701',	'2026-03-11 20:25:32.887701'),
(873,	37,	'2028-05-04',	4365.94,	2835.03,	1530.92,	8505.08,	'Pending',	'2026-03-11 20:25:32.887702',	'2026-03-11 20:25:32.887702'),
(874,	37,	'2028-06-03',	4365.94,	2835.03,	1530.92,	5670.06,	'Pending',	'2026-03-11 20:25:32.887702',	'2026-03-11 20:25:32.887702'),
(875,	37,	'2028-07-03',	4365.94,	2835.03,	1530.92,	2835.03,	'Pending',	'2026-03-11 20:25:32.887702',	'2026-03-11 20:25:32.887703'),
(876,	37,	'2028-08-02',	4365.94,	2835.03,	1530.92,	0.00,	'Pending',	'2026-03-11 20:25:32.887703',	'2026-03-11 20:25:32.887703'),
(877,	38,	'2026-01-14',	21213.56,	16318.13,	4895.44,	375316.88,	'Pending',	'2026-03-11 20:25:32.89097',	'2026-03-11 20:25:32.890971'),
(878,	38,	'2026-02-13',	21213.56,	16318.13,	4895.44,	358998.75,	'Pending',	'2026-03-11 20:25:32.890971',	'2026-03-11 20:25:32.890971'),
(879,	38,	'2026-03-15',	21213.56,	16318.13,	4895.44,	342680.63,	'Pending',	'2026-03-11 20:25:32.890971',	'2026-03-11 20:25:32.890971'),
(880,	38,	'2026-04-14',	21213.56,	16318.13,	4895.44,	326362.50,	'Pending',	'2026-03-11 20:25:32.890972',	'2026-03-11 20:25:32.890972'),
(881,	38,	'2026-05-14',	21213.56,	16318.13,	4895.44,	310044.38,	'Pending',	'2026-03-11 20:25:32.890972',	'2026-03-11 20:25:32.890972'),
(882,	38,	'2026-06-13',	21213.56,	16318.13,	4895.44,	293726.25,	'Pending',	'2026-03-11 20:25:32.890972',	'2026-03-11 20:25:32.890973'),
(883,	38,	'2026-07-13',	21213.56,	16318.13,	4895.44,	277408.13,	'Pending',	'2026-03-11 20:25:32.890973',	'2026-03-11 20:25:32.890973'),
(884,	38,	'2026-08-12',	21213.56,	16318.13,	4895.44,	261090.00,	'Pending',	'2026-03-11 20:25:32.890973',	'2026-03-11 20:25:32.890973'),
(885,	38,	'2026-09-11',	21213.56,	16318.13,	4895.44,	244771.88,	'Pending',	'2026-03-11 20:25:32.890974',	'2026-03-11 20:25:32.890974'),
(886,	38,	'2026-10-11',	21213.56,	16318.13,	4895.44,	228453.75,	'Pending',	'2026-03-11 20:25:32.890974',	'2026-03-11 20:25:32.890974'),
(887,	38,	'2026-11-10',	21213.56,	16318.13,	4895.44,	212135.63,	'Pending',	'2026-03-11 20:25:32.890975',	'2026-03-11 20:25:32.890975'),
(888,	38,	'2026-12-10',	21213.56,	16318.13,	4895.44,	195817.50,	'Pending',	'2026-03-11 20:25:32.890975',	'2026-03-11 20:25:32.890975'),
(889,	38,	'2027-01-09',	21213.56,	16318.13,	4895.44,	179499.38,	'Pending',	'2026-03-11 20:25:32.890975',	'2026-03-11 20:25:32.890976'),
(890,	38,	'2027-02-08',	21213.56,	16318.13,	4895.44,	163181.25,	'Pending',	'2026-03-11 20:25:32.890976',	'2026-03-11 20:25:32.890976'),
(891,	38,	'2027-03-10',	21213.56,	16318.13,	4895.44,	146863.13,	'Pending',	'2026-03-11 20:25:32.890976',	'2026-03-11 20:25:32.890976'),
(892,	38,	'2027-04-09',	21213.56,	16318.13,	4895.44,	130545.00,	'Pending',	'2026-03-11 20:25:32.890976',	'2026-03-11 20:25:32.890977'),
(893,	38,	'2027-05-09',	21213.56,	16318.13,	4895.44,	114226.88,	'Pending',	'2026-03-11 20:25:32.890977',	'2026-03-11 20:25:32.890977'),
(894,	38,	'2027-06-08',	21213.56,	16318.13,	4895.44,	97908.75,	'Pending',	'2026-03-11 20:25:32.890977',	'2026-03-11 20:25:32.890977'),
(895,	38,	'2027-07-08',	21213.56,	16318.13,	4895.44,	81590.63,	'Pending',	'2026-03-11 20:25:32.890978',	'2026-03-11 20:25:32.890978'),
(896,	38,	'2027-08-07',	21213.56,	16318.13,	4895.44,	65272.50,	'Pending',	'2026-03-11 20:25:32.890978',	'2026-03-11 20:25:32.890978'),
(897,	38,	'2027-09-06',	21213.56,	16318.13,	4895.44,	48954.38,	'Pending',	'2026-03-11 20:25:32.890978',	'2026-03-11 20:25:32.890978'),
(898,	38,	'2027-10-06',	21213.56,	16318.13,	4895.44,	32636.25,	'Pending',	'2026-03-11 20:25:32.890979',	'2026-03-11 20:25:32.890979'),
(899,	38,	'2027-11-05',	21213.56,	16318.13,	4895.44,	16318.13,	'Pending',	'2026-03-11 20:25:32.890979',	'2026-03-11 20:25:32.890979'),
(900,	38,	'2027-12-05',	21213.56,	16318.13,	4895.44,	0.00,	'Pending',	'2026-03-11 20:25:32.890979',	'2026-03-11 20:25:32.89098'),
(902,	39,	'2026-01-15',	14686.46,	12038.08,	2648.38,	264837.83,	'Pending',	'2026-03-11 20:25:32.893255',	'2026-03-11 20:25:32.893255'),
(903,	39,	'2026-02-14',	14686.46,	12038.08,	2648.38,	252799.75,	'Pending',	'2026-03-11 20:25:32.893255',	'2026-03-11 20:25:32.893255'),
(904,	39,	'2026-03-16',	14686.46,	12038.08,	2648.38,	240761.67,	'Pending',	'2026-03-11 20:25:32.893255',	'2026-03-11 20:25:32.893256'),
(905,	39,	'2026-04-15',	14686.46,	12038.08,	2648.38,	228723.58,	'Pending',	'2026-03-11 20:25:32.893256',	'2026-03-11 20:25:32.893256'),
(906,	39,	'2026-05-15',	14686.46,	12038.08,	2648.38,	216685.50,	'Pending',	'2026-03-11 20:25:32.893256',	'2026-03-11 20:25:32.893256'),
(907,	39,	'2026-06-14',	14686.46,	12038.08,	2648.38,	204647.42,	'Pending',	'2026-03-11 20:25:32.893257',	'2026-03-11 20:25:32.893257'),
(908,	39,	'2026-07-14',	14686.46,	12038.08,	2648.38,	192609.33,	'Pending',	'2026-03-11 20:25:32.893257',	'2026-03-11 20:25:32.893257'),
(909,	39,	'2026-08-13',	14686.46,	12038.08,	2648.38,	180571.25,	'Pending',	'2026-03-11 20:25:32.893257',	'2026-03-11 20:25:32.893258'),
(910,	39,	'2026-09-12',	14686.46,	12038.08,	2648.38,	168533.17,	'Pending',	'2026-03-11 20:25:32.893258',	'2026-03-11 20:25:32.893258'),
(911,	39,	'2026-10-12',	14686.46,	12038.08,	2648.38,	156495.08,	'Pending',	'2026-03-11 20:25:32.893258',	'2026-03-11 20:25:32.893258'),
(912,	39,	'2026-11-11',	14686.46,	12038.08,	2648.38,	144457.00,	'Pending',	'2026-03-11 20:25:32.893258',	'2026-03-11 20:25:32.893259'),
(913,	39,	'2026-12-11',	14686.46,	12038.08,	2648.38,	132418.92,	'Pending',	'2026-03-11 20:25:32.893259',	'2026-03-11 20:25:32.893259'),
(914,	39,	'2027-01-10',	14686.46,	12038.08,	2648.38,	120380.83,	'Pending',	'2026-03-11 20:25:32.893259',	'2026-03-11 20:25:32.893259'),
(915,	39,	'2027-02-09',	14686.46,	12038.08,	2648.38,	108342.75,	'Pending',	'2026-03-11 20:25:32.89326',	'2026-03-11 20:25:32.89326'),
(916,	39,	'2027-03-11',	14686.46,	12038.08,	2648.38,	96304.67,	'Pending',	'2026-03-11 20:25:32.89326',	'2026-03-11 20:25:32.89326'),
(917,	39,	'2027-04-10',	14686.46,	12038.08,	2648.38,	84266.58,	'Pending',	'2026-03-11 20:25:32.89326',	'2026-03-11 20:25:32.89326'),
(918,	39,	'2027-05-10',	14686.46,	12038.08,	2648.38,	72228.50,	'Pending',	'2026-03-11 20:25:32.893261',	'2026-03-11 20:25:32.893261'),
(919,	39,	'2027-06-09',	14686.46,	12038.08,	2648.38,	60190.42,	'Pending',	'2026-03-11 20:25:32.893261',	'2026-03-11 20:25:32.893261'),
(920,	39,	'2027-07-09',	14686.46,	12038.08,	2648.38,	48152.33,	'Pending',	'2026-03-11 20:25:32.893261',	'2026-03-11 20:25:32.893262'),
(921,	39,	'2027-08-08',	14686.46,	12038.08,	2648.38,	36114.25,	'Pending',	'2026-03-11 20:25:32.893262',	'2026-03-11 20:25:32.893262'),
(922,	39,	'2027-09-07',	14686.46,	12038.08,	2648.38,	24076.17,	'Pending',	'2026-03-11 20:25:32.893262',	'2026-03-11 20:25:32.893262'),
(923,	39,	'2027-10-07',	14686.46,	12038.08,	2648.38,	12038.08,	'Pending',	'2026-03-11 20:25:32.893263',	'2026-03-11 20:25:32.893263'),
(924,	39,	'2027-11-06',	14686.46,	12038.08,	2648.38,	0.00,	'Pending',	'2026-03-11 20:25:32.893263',	'2026-03-11 20:25:32.893263'),
(925,	40,	'2025-09-18',	51243.46,	34623.96,	16619.50,	796351.04,	'Pending',	'2026-03-11 20:25:32.895714',	'2026-03-11 20:25:32.895715'),
(926,	40,	'2025-10-18',	51243.46,	34623.96,	16619.50,	761727.08,	'Pending',	'2026-03-11 20:25:32.895716',	'2026-03-11 20:25:32.895716'),
(927,	40,	'2025-11-17',	51243.46,	34623.96,	16619.50,	727103.13,	'Pending',	'2026-03-11 20:25:32.895716',	'2026-03-11 20:25:32.895716'),
(928,	40,	'2025-12-17',	51243.46,	34623.96,	16619.50,	692479.17,	'Pending',	'2026-03-11 20:25:32.895717',	'2026-03-11 20:25:32.895717'),
(929,	40,	'2026-01-16',	51243.46,	34623.96,	16619.50,	657855.21,	'Pending',	'2026-03-11 20:25:32.895717',	'2026-03-11 20:25:32.895717'),
(930,	40,	'2026-02-15',	51243.46,	34623.96,	16619.50,	623231.25,	'Pending',	'2026-03-11 20:25:32.895718',	'2026-03-11 20:25:32.895718'),
(931,	40,	'2026-03-17',	51243.46,	34623.96,	16619.50,	588607.29,	'Pending',	'2026-03-11 20:25:32.895718',	'2026-03-11 20:25:32.895718'),
(932,	40,	'2026-04-16',	51243.46,	34623.96,	16619.50,	553983.33,	'Pending',	'2026-03-11 20:25:32.895718',	'2026-03-11 20:25:32.895719'),
(933,	40,	'2026-05-16',	51243.46,	34623.96,	16619.50,	519359.38,	'Pending',	'2026-03-11 20:25:32.895719',	'2026-03-11 20:25:32.895719'),
(934,	40,	'2026-06-15',	51243.46,	34623.96,	16619.50,	484735.42,	'Pending',	'2026-03-11 20:25:32.895719',	'2026-03-11 20:25:32.895719'),
(935,	40,	'2026-07-15',	51243.46,	34623.96,	16619.50,	450111.46,	'Pending',	'2026-03-11 20:25:32.89572',	'2026-03-11 20:25:32.89572'),
(936,	40,	'2026-08-14',	51243.46,	34623.96,	16619.50,	415487.50,	'Pending',	'2026-03-11 20:25:32.89572',	'2026-03-11 20:25:32.89572'),
(937,	40,	'2026-09-13',	51243.46,	34623.96,	16619.50,	380863.54,	'Pending',	'2026-03-11 20:25:32.89572',	'2026-03-11 20:25:32.895721'),
(938,	40,	'2026-10-13',	51243.46,	34623.96,	16619.50,	346239.58,	'Pending',	'2026-03-11 20:25:32.895721',	'2026-03-11 20:25:32.895721'),
(939,	40,	'2026-11-12',	51243.46,	34623.96,	16619.50,	311615.63,	'Pending',	'2026-03-11 20:25:32.895721',	'2026-03-11 20:25:32.895721'),
(940,	40,	'2026-12-12',	51243.46,	34623.96,	16619.50,	276991.67,	'Pending',	'2026-03-11 20:25:32.895722',	'2026-03-11 20:25:32.895722'),
(941,	40,	'2027-01-11',	51243.46,	34623.96,	16619.50,	242367.71,	'Pending',	'2026-03-11 20:25:32.895722',	'2026-03-11 20:25:32.895722'),
(942,	40,	'2027-02-10',	51243.46,	34623.96,	16619.50,	207743.75,	'Pending',	'2026-03-11 20:25:32.895722',	'2026-03-11 20:25:32.895722'),
(943,	40,	'2027-03-12',	51243.46,	34623.96,	16619.50,	173119.79,	'Pending',	'2026-03-11 20:25:32.895723',	'2026-03-11 20:25:32.895723'),
(944,	40,	'2027-04-11',	51243.46,	34623.96,	16619.50,	138495.83,	'Pending',	'2026-03-11 20:25:32.895723',	'2026-03-11 20:25:32.895723'),
(945,	40,	'2027-05-11',	51243.46,	34623.96,	16619.50,	103871.88,	'Pending',	'2026-03-11 20:25:32.895724',	'2026-03-11 20:25:32.895724'),
(946,	40,	'2027-06-10',	51243.46,	34623.96,	16619.50,	69247.92,	'Pending',	'2026-03-11 20:25:32.895724',	'2026-03-11 20:25:32.895724'),
(947,	40,	'2027-07-10',	51243.46,	34623.96,	16619.50,	34623.96,	'Pending',	'2026-03-11 20:25:32.895724',	'2026-03-11 20:25:32.895725'),
(948,	40,	'2027-08-09',	51243.46,	34623.96,	16619.50,	0.00,	'Pending',	'2026-03-11 20:25:32.895725',	'2026-03-11 20:25:32.895725'),
(950,	41,	'2026-03-09',	57491.78,	52265.25,	5226.53,	522652.50,	'Pending',	'2026-03-11 20:25:32.898052',	'2026-03-11 20:25:32.898053'),
(951,	41,	'2026-04-08',	57491.78,	52265.25,	5226.53,	470387.25,	'Pending',	'2026-03-11 20:25:32.898053',	'2026-03-11 20:25:32.898053'),
(952,	41,	'2026-05-08',	57491.78,	52265.25,	5226.53,	418122.00,	'Pending',	'2026-03-11 20:25:32.898053',	'2026-03-11 20:25:32.898053'),
(953,	41,	'2026-06-07',	57491.78,	52265.25,	5226.53,	365856.75,	'Pending',	'2026-03-11 20:25:32.898054',	'2026-03-11 20:25:32.898054'),
(954,	41,	'2026-07-07',	57491.78,	52265.25,	5226.53,	313591.50,	'Pending',	'2026-03-11 20:25:32.898054',	'2026-03-11 20:25:32.898054'),
(955,	41,	'2026-08-06',	57491.78,	52265.25,	5226.53,	261326.25,	'Pending',	'2026-03-11 20:25:32.898054',	'2026-03-11 20:25:32.898055'),
(956,	41,	'2026-09-05',	57491.78,	52265.25,	5226.53,	209061.00,	'Pending',	'2026-03-11 20:25:32.898055',	'2026-03-11 20:25:32.898055'),
(957,	41,	'2026-10-05',	57491.78,	52265.25,	5226.53,	156795.75,	'Pending',	'2026-03-11 20:25:32.898055',	'2026-03-11 20:25:32.898055'),
(958,	41,	'2026-11-04',	57491.78,	52265.25,	5226.53,	104530.50,	'Pending',	'2026-03-11 20:25:32.898055',	'2026-03-11 20:25:32.898056'),
(959,	41,	'2026-12-04',	57491.78,	52265.25,	5226.53,	52265.25,	'Pending',	'2026-03-11 20:25:32.898056',	'2026-03-11 20:25:32.898056'),
(960,	41,	'2027-01-03',	57491.78,	52265.25,	5226.53,	0.00,	'Pending',	'2026-03-11 20:25:32.898056',	'2026-03-11 20:25:32.898056'),
(962,	42,	'2026-01-01',	32448.54,	23859.22,	8589.32,	811213.56,	'Pending',	'2026-03-11 20:25:32.900267',	'2026-03-11 20:25:32.900267'),
(963,	42,	'2026-01-31',	32448.54,	23859.22,	8589.32,	787354.33,	'Pending',	'2026-03-11 20:25:32.900268',	'2026-03-11 20:25:32.900268'),
(964,	42,	'2026-03-02',	32448.54,	23859.22,	8589.32,	763495.11,	'Pending',	'2026-03-11 20:25:32.900268',	'2026-03-11 20:25:32.900268'),
(965,	42,	'2026-04-01',	32448.54,	23859.22,	8589.32,	739635.89,	'Pending',	'2026-03-11 20:25:32.900268',	'2026-03-11 20:25:32.900269'),
(966,	42,	'2026-05-01',	32448.54,	23859.22,	8589.32,	715776.67,	'Pending',	'2026-03-11 20:25:32.900269',	'2026-03-11 20:25:32.900269'),
(967,	42,	'2026-05-31',	32448.54,	23859.22,	8589.32,	691917.44,	'Pending',	'2026-03-11 20:25:32.900269',	'2026-03-11 20:25:32.900269'),
(968,	42,	'2026-06-30',	32448.54,	23859.22,	8589.32,	668058.22,	'Pending',	'2026-03-11 20:25:32.90027',	'2026-03-11 20:25:32.90027'),
(969,	42,	'2026-07-30',	32448.54,	23859.22,	8589.32,	644199.00,	'Pending',	'2026-03-11 20:25:32.90027',	'2026-03-11 20:25:32.90027'),
(970,	42,	'2026-08-29',	32448.54,	23859.22,	8589.32,	620339.78,	'Pending',	'2026-03-11 20:25:32.90027',	'2026-03-11 20:25:32.900271'),
(971,	42,	'2026-09-28',	32448.54,	23859.22,	8589.32,	596480.56,	'Pending',	'2026-03-11 20:25:32.900271',	'2026-03-11 20:25:32.900271'),
(972,	42,	'2026-10-28',	32448.54,	23859.22,	8589.32,	572621.33,	'Pending',	'2026-03-11 20:25:32.900272',	'2026-03-11 20:25:32.900272'),
(973,	42,	'2026-11-27',	32448.54,	23859.22,	8589.32,	548762.11,	'Pending',	'2026-03-11 20:25:32.900272',	'2026-03-11 20:25:32.900272'),
(974,	42,	'2026-12-27',	32448.54,	23859.22,	8589.32,	524902.89,	'Pending',	'2026-03-11 20:25:32.900272',	'2026-03-11 20:25:32.900273'),
(975,	42,	'2027-01-26',	32448.54,	23859.22,	8589.32,	501043.67,	'Pending',	'2026-03-11 20:25:32.900273',	'2026-03-11 20:25:32.900273'),
(976,	42,	'2027-02-25',	32448.54,	23859.22,	8589.32,	477184.44,	'Pending',	'2026-03-11 20:25:32.900273',	'2026-03-11 20:25:32.900273'),
(977,	42,	'2027-03-27',	32448.54,	23859.22,	8589.32,	453325.22,	'Pending',	'2026-03-11 20:25:32.900274',	'2026-03-11 20:25:32.900274'),
(978,	42,	'2027-04-26',	32448.54,	23859.22,	8589.32,	429466.00,	'Pending',	'2026-03-11 20:25:32.900274',	'2026-03-11 20:25:32.900274'),
(979,	42,	'2027-05-26',	32448.54,	23859.22,	8589.32,	405606.78,	'Pending',	'2026-03-11 20:25:32.900274',	'2026-03-11 20:25:32.900274'),
(980,	42,	'2027-06-25',	32448.54,	23859.22,	8589.32,	381747.56,	'Pending',	'2026-03-11 20:25:32.900275',	'2026-03-11 20:25:32.900275'),
(981,	42,	'2027-07-25',	32448.54,	23859.22,	8589.32,	357888.33,	'Pending',	'2026-03-11 20:25:32.900275',	'2026-03-11 20:25:32.900275'),
(982,	42,	'2027-08-24',	32448.54,	23859.22,	8589.32,	334029.11,	'Pending',	'2026-03-11 20:25:32.900275',	'2026-03-11 20:25:32.900275'),
(983,	42,	'2027-09-23',	32448.54,	23859.22,	8589.32,	310169.89,	'Pending',	'2026-03-11 20:25:32.900276',	'2026-03-11 20:25:32.900276'),
(984,	42,	'2027-10-23',	32448.54,	23859.22,	8589.32,	286310.67,	'Pending',	'2026-03-11 20:25:32.900276',	'2026-03-11 20:25:32.900276'),
(985,	42,	'2027-11-22',	32448.54,	23859.22,	8589.32,	262451.44,	'Pending',	'2026-03-11 20:25:32.900276',	'2026-03-11 20:25:32.900277'),
(986,	42,	'2027-12-22',	32448.54,	23859.22,	8589.32,	238592.22,	'Pending',	'2026-03-11 20:25:32.900277',	'2026-03-11 20:25:32.900277'),
(987,	42,	'2028-01-21',	32448.54,	23859.22,	8589.32,	214733.00,	'Pending',	'2026-03-11 20:25:32.900277',	'2026-03-11 20:25:32.900277'),
(988,	42,	'2028-02-20',	32448.54,	23859.22,	8589.32,	190873.78,	'Pending',	'2026-03-11 20:25:32.900277',	'2026-03-11 20:25:32.900278'),
(989,	42,	'2028-03-21',	32448.54,	23859.22,	8589.32,	167014.56,	'Pending',	'2026-03-11 20:25:32.900278',	'2026-03-11 20:25:32.900278'),
(990,	42,	'2028-04-20',	32448.54,	23859.22,	8589.32,	143155.33,	'Pending',	'2026-03-11 20:25:32.900278',	'2026-03-11 20:25:32.900278'),
(991,	42,	'2028-05-20',	32448.54,	23859.22,	8589.32,	119296.11,	'Pending',	'2026-03-11 20:25:32.900279',	'2026-03-11 20:25:32.900279'),
(992,	42,	'2028-06-19',	32448.54,	23859.22,	8589.32,	95436.89,	'Pending',	'2026-03-11 20:25:32.900279',	'2026-03-11 20:25:32.900279'),
(993,	42,	'2028-07-19',	32448.54,	23859.22,	8589.32,	71577.67,	'Pending',	'2026-03-11 20:25:32.900279',	'2026-03-11 20:25:32.900279'),
(994,	42,	'2028-08-18',	32448.54,	23859.22,	8589.32,	47718.44,	'Pending',	'2026-03-11 20:25:32.90028',	'2026-03-11 20:25:32.90028'),
(995,	42,	'2028-09-17',	32448.54,	23859.22,	8589.32,	23859.22,	'Pending',	'2026-03-11 20:25:32.90028',	'2026-03-11 20:25:32.90028'),
(996,	42,	'2028-10-17',	32448.54,	23859.22,	8589.32,	0.00,	'Pending',	'2026-03-11 20:25:32.90028',	'2026-03-11 20:25:32.90028'),
(998,	43,	'2026-01-29',	3562.01,	2358.94,	1203.06,	80204.11,	'Pending',	'2026-03-11 20:25:32.903712',	'2026-03-11 20:25:32.903712'),
(999,	43,	'2026-02-28',	3562.01,	2358.94,	1203.06,	77845.17,	'Pending',	'2026-03-11 20:25:32.903712',	'2026-03-11 20:25:32.903713'),
(1000,	43,	'2026-03-30',	3562.01,	2358.94,	1203.06,	75486.22,	'Pending',	'2026-03-11 20:25:32.903713',	'2026-03-11 20:25:32.903713'),
(1001,	43,	'2026-04-29',	3562.01,	2358.94,	1203.06,	73127.28,	'Pending',	'2026-03-11 20:25:32.903713',	'2026-03-11 20:25:32.903713'),
(1002,	43,	'2026-05-29',	3562.01,	2358.94,	1203.06,	70768.33,	'Pending',	'2026-03-11 20:25:32.903714',	'2026-03-11 20:25:32.903714'),
(1003,	43,	'2026-06-28',	3562.01,	2358.94,	1203.06,	68409.39,	'Pending',	'2026-03-11 20:25:32.903714',	'2026-03-11 20:25:32.903714'),
(1004,	43,	'2026-07-28',	3562.01,	2358.94,	1203.06,	66050.44,	'Pending',	'2026-03-11 20:25:32.903714',	'2026-03-11 20:25:32.903715'),
(1005,	43,	'2026-08-27',	3562.01,	2358.94,	1203.06,	63691.50,	'Pending',	'2026-03-11 20:25:32.903715',	'2026-03-11 20:25:32.903715'),
(1006,	43,	'2026-09-26',	3562.01,	2358.94,	1203.06,	61332.56,	'Pending',	'2026-03-11 20:25:32.903715',	'2026-03-11 20:25:32.903716'),
(1007,	43,	'2026-10-26',	3562.01,	2358.94,	1203.06,	58973.61,	'Pending',	'2026-03-11 20:25:32.903716',	'2026-03-11 20:25:32.903716'),
(1008,	43,	'2026-11-25',	3562.01,	2358.94,	1203.06,	56614.67,	'Pending',	'2026-03-11 20:25:32.903716',	'2026-03-11 20:25:32.903716'),
(1009,	43,	'2026-12-25',	3562.01,	2358.94,	1203.06,	54255.72,	'Pending',	'2026-03-11 20:25:32.903717',	'2026-03-11 20:25:32.903717'),
(1010,	43,	'2027-01-24',	3562.01,	2358.94,	1203.06,	51896.78,	'Pending',	'2026-03-11 20:25:32.903717',	'2026-03-11 20:25:32.903717'),
(1011,	43,	'2027-02-23',	3562.01,	2358.94,	1203.06,	49537.83,	'Pending',	'2026-03-11 20:25:32.903717',	'2026-03-11 20:25:32.903717'),
(1012,	43,	'2027-03-25',	3562.01,	2358.94,	1203.06,	47178.89,	'Pending',	'2026-03-11 20:25:32.903718',	'2026-03-11 20:25:32.903718'),
(1013,	43,	'2027-04-24',	3562.01,	2358.94,	1203.06,	44819.94,	'Pending',	'2026-03-11 20:25:32.903718',	'2026-03-11 20:25:32.903718'),
(1014,	43,	'2027-05-24',	3562.01,	2358.94,	1203.06,	42461.00,	'Pending',	'2026-03-11 20:25:32.903718',	'2026-03-11 20:25:32.903719'),
(1015,	43,	'2027-06-23',	3562.01,	2358.94,	1203.06,	40102.06,	'Pending',	'2026-03-11 20:25:32.903719',	'2026-03-11 20:25:32.903719'),
(1016,	43,	'2027-07-23',	3562.01,	2358.94,	1203.06,	37743.11,	'Pending',	'2026-03-11 20:25:32.903719',	'2026-03-11 20:25:32.90372'),
(1017,	43,	'2027-08-22',	3562.01,	2358.94,	1203.06,	35384.17,	'Pending',	'2026-03-11 20:25:32.90372',	'2026-03-11 20:25:32.90372'),
(1018,	43,	'2027-09-21',	3562.01,	2358.94,	1203.06,	33025.22,	'Pending',	'2026-03-11 20:25:32.90372',	'2026-03-11 20:25:32.90372'),
(1019,	43,	'2027-10-21',	3562.01,	2358.94,	1203.06,	30666.28,	'Pending',	'2026-03-11 20:25:32.90372',	'2026-03-11 20:25:32.903721'),
(1020,	43,	'2027-11-20',	3562.01,	2358.94,	1203.06,	28307.33,	'Pending',	'2026-03-11 20:25:32.903721',	'2026-03-11 20:25:32.903721'),
(1021,	43,	'2027-12-20',	3562.01,	2358.94,	1203.06,	25948.39,	'Pending',	'2026-03-11 20:25:32.903721',	'2026-03-11 20:25:32.903721'),
(1022,	43,	'2028-01-19',	3562.01,	2358.94,	1203.06,	23589.44,	'Pending',	'2026-03-11 20:25:32.903722',	'2026-03-11 20:25:32.903722'),
(1023,	43,	'2028-02-18',	3562.01,	2358.94,	1203.06,	21230.50,	'Pending',	'2026-03-11 20:25:32.903722',	'2026-03-11 20:25:32.903722'),
(1024,	43,	'2028-03-19',	3562.01,	2358.94,	1203.06,	18871.56,	'Pending',	'2026-03-11 20:25:32.903722',	'2026-03-11 20:25:32.903722'),
(1025,	43,	'2028-04-18',	3562.01,	2358.94,	1203.06,	16512.61,	'Pending',	'2026-03-11 20:25:32.903723',	'2026-03-11 20:25:32.903723'),
(1026,	43,	'2028-05-18',	3562.01,	2358.94,	1203.06,	14153.67,	'Pending',	'2026-03-11 20:25:32.903723',	'2026-03-11 20:25:32.903723'),
(1027,	43,	'2028-06-17',	3562.01,	2358.94,	1203.06,	11794.72,	'Pending',	'2026-03-11 20:25:32.903723',	'2026-03-11 20:25:32.903723'),
(1028,	43,	'2028-07-17',	3562.01,	2358.94,	1203.06,	9435.78,	'Pending',	'2026-03-11 20:25:32.903724',	'2026-03-11 20:25:32.903724'),
(1029,	43,	'2028-08-16',	3562.01,	2358.94,	1203.06,	7076.83,	'Pending',	'2026-03-11 20:25:32.903724',	'2026-03-11 20:25:32.903724'),
(1030,	43,	'2028-09-15',	3562.01,	2358.94,	1203.06,	4717.89,	'Pending',	'2026-03-11 20:25:32.903724',	'2026-03-11 20:25:32.903725'),
(1031,	43,	'2028-10-15',	3562.01,	2358.94,	1203.06,	2358.94,	'Pending',	'2026-03-11 20:25:32.903725',	'2026-03-11 20:25:32.903725'),
(1032,	43,	'2028-11-14',	3562.01,	2358.94,	1203.06,	0.00,	'Pending',	'2026-03-11 20:25:32.903725',	'2026-03-11 20:25:32.903725'),
(1033,	44,	'2026-02-06',	55001.69,	40442.42,	14559.27,	930175.58,	'Pending',	'2026-03-11 20:25:32.90675',	'2026-03-11 20:25:32.906751'),
(1034,	44,	'2026-03-08',	55001.69,	40442.42,	14559.27,	889733.17,	'Pending',	'2026-03-11 20:25:32.906751',	'2026-03-11 20:25:32.906751'),
(1035,	44,	'2026-04-07',	55001.69,	40442.42,	14559.27,	849290.75,	'Pending',	'2026-03-11 20:25:32.906751',	'2026-03-11 20:25:32.906752'),
(1036,	44,	'2026-05-07',	55001.69,	40442.42,	14559.27,	808848.33,	'Pending',	'2026-03-11 20:25:32.906752',	'2026-03-11 20:25:32.906752'),
(1037,	44,	'2026-06-06',	55001.69,	40442.42,	14559.27,	768405.92,	'Pending',	'2026-03-11 20:25:32.906752',	'2026-03-11 20:25:32.906752'),
(1038,	44,	'2026-07-06',	55001.69,	40442.42,	14559.27,	727963.50,	'Pending',	'2026-03-11 20:25:32.906752',	'2026-03-11 20:25:32.906753'),
(1039,	44,	'2026-08-05',	55001.69,	40442.42,	14559.27,	687521.08,	'Pending',	'2026-03-11 20:25:32.906753',	'2026-03-11 20:25:32.906753'),
(1040,	44,	'2026-09-04',	55001.69,	40442.42,	14559.27,	647078.67,	'Pending',	'2026-03-11 20:25:32.906753',	'2026-03-11 20:25:32.906754'),
(1041,	44,	'2026-10-04',	55001.69,	40442.42,	14559.27,	606636.25,	'Pending',	'2026-03-11 20:25:32.906754',	'2026-03-11 20:25:32.906754'),
(1042,	44,	'2026-11-03',	55001.69,	40442.42,	14559.27,	566193.83,	'Pending',	'2026-03-11 20:25:32.906754',	'2026-03-11 20:25:32.906754'),
(1043,	44,	'2026-12-03',	55001.69,	40442.42,	14559.27,	525751.42,	'Pending',	'2026-03-11 20:25:32.906755',	'2026-03-11 20:25:32.906755'),
(1044,	44,	'2027-01-02',	55001.69,	40442.42,	14559.27,	485309.00,	'Pending',	'2026-03-11 20:25:32.906755',	'2026-03-11 20:25:32.906755'),
(1045,	44,	'2027-02-01',	55001.69,	40442.42,	14559.27,	444866.58,	'Pending',	'2026-03-11 20:25:32.906755',	'2026-03-11 20:25:32.906755'),
(1046,	44,	'2027-03-03',	55001.69,	40442.42,	14559.27,	404424.17,	'Pending',	'2026-03-11 20:25:32.906756',	'2026-03-11 20:25:32.906756'),
(1047,	44,	'2027-04-02',	55001.69,	40442.42,	14559.27,	363981.75,	'Pending',	'2026-03-11 20:25:32.906756',	'2026-03-11 20:25:32.906756'),
(1048,	44,	'2027-05-02',	55001.69,	40442.42,	14559.27,	323539.33,	'Pending',	'2026-03-11 20:25:32.906756',	'2026-03-11 20:25:32.906757'),
(1049,	44,	'2027-06-01',	55001.69,	40442.42,	14559.27,	283096.92,	'Pending',	'2026-03-11 20:25:32.906757',	'2026-03-11 20:25:32.906757'),
(1050,	44,	'2027-07-01',	55001.69,	40442.42,	14559.27,	242654.50,	'Pending',	'2026-03-11 20:25:32.906757',	'2026-03-11 20:25:32.906757'),
(1051,	44,	'2027-07-31',	55001.69,	40442.42,	14559.27,	202212.08,	'Pending',	'2026-03-11 20:25:32.906757',	'2026-03-11 20:25:32.906758'),
(1052,	44,	'2027-08-30',	55001.69,	40442.42,	14559.27,	161769.67,	'Pending',	'2026-03-11 20:25:32.906758',	'2026-03-11 20:25:32.906758'),
(1053,	44,	'2027-09-29',	55001.69,	40442.42,	14559.27,	121327.25,	'Pending',	'2026-03-11 20:25:32.906758',	'2026-03-11 20:25:32.906758'),
(1054,	44,	'2027-10-29',	55001.69,	40442.42,	14559.27,	80884.83,	'Pending',	'2026-03-11 20:25:32.906758',	'2026-03-11 20:25:32.906759'),
(1055,	44,	'2027-11-28',	55001.69,	40442.42,	14559.27,	40442.42,	'Pending',	'2026-03-11 20:25:32.906759',	'2026-03-11 20:25:32.906759'),
(1056,	44,	'2027-12-28',	55001.69,	40442.42,	14559.27,	0.00,	'Pending',	'2026-03-11 20:25:32.906759',	'2026-03-11 20:25:32.906759'),
(1057,	45,	'2026-01-02',	57814.23,	39063.67,	18750.56,	898464.33,	'Pending',	'2026-03-11 20:25:32.909261',	'2026-03-11 20:25:32.909261'),
(1058,	45,	'2026-02-01',	57814.23,	39063.67,	18750.56,	859400.67,	'Pending',	'2026-03-11 20:25:32.909262',	'2026-03-11 20:25:32.909262'),
(1059,	45,	'2026-03-03',	57814.23,	39063.67,	18750.56,	820337.00,	'Pending',	'2026-03-11 20:25:32.909262',	'2026-03-11 20:25:32.909262'),
(1060,	45,	'2026-04-02',	57814.23,	39063.67,	18750.56,	781273.33,	'Pending',	'2026-03-11 20:25:32.909262',	'2026-03-11 20:25:32.909263'),
(1061,	45,	'2026-05-02',	57814.23,	39063.67,	18750.56,	742209.67,	'Pending',	'2026-03-11 20:25:32.909263',	'2026-03-11 20:25:32.909263'),
(1062,	45,	'2026-06-01',	57814.23,	39063.67,	18750.56,	703146.00,	'Pending',	'2026-03-11 20:25:32.909263',	'2026-03-11 20:25:32.909263'),
(1063,	45,	'2026-07-01',	57814.23,	39063.67,	18750.56,	664082.33,	'Pending',	'2026-03-11 20:25:32.909264',	'2026-03-11 20:25:32.909264'),
(1064,	45,	'2026-07-31',	57814.23,	39063.67,	18750.56,	625018.67,	'Pending',	'2026-03-11 20:25:32.909264',	'2026-03-11 20:25:32.909264'),
(1065,	45,	'2026-08-30',	57814.23,	39063.67,	18750.56,	585955.00,	'Pending',	'2026-03-11 20:25:32.909264',	'2026-03-11 20:25:32.909265'),
(1066,	45,	'2026-09-29',	57814.23,	39063.67,	18750.56,	546891.33,	'Pending',	'2026-03-11 20:25:32.909265',	'2026-03-11 20:25:32.909265'),
(1067,	45,	'2026-10-29',	57814.23,	39063.67,	18750.56,	507827.67,	'Pending',	'2026-03-11 20:25:32.909265',	'2026-03-11 20:25:32.909265'),
(1068,	45,	'2026-11-28',	57814.23,	39063.67,	18750.56,	468764.00,	'Pending',	'2026-03-11 20:25:32.909265',	'2026-03-11 20:25:32.909266'),
(1069,	45,	'2026-12-28',	57814.23,	39063.67,	18750.56,	429700.33,	'Pending',	'2026-03-11 20:25:32.909266',	'2026-03-11 20:25:32.909266'),
(1070,	45,	'2027-01-27',	57814.23,	39063.67,	18750.56,	390636.67,	'Pending',	'2026-03-11 20:25:32.909266',	'2026-03-11 20:25:32.909266'),
(1071,	45,	'2027-02-26',	57814.23,	39063.67,	18750.56,	351573.00,	'Pending',	'2026-03-11 20:25:32.909267',	'2026-03-11 20:25:32.909267'),
(1072,	45,	'2027-03-28',	57814.23,	39063.67,	18750.56,	312509.33,	'Pending',	'2026-03-11 20:25:32.909267',	'2026-03-11 20:25:32.909267'),
(1073,	45,	'2027-04-27',	57814.23,	39063.67,	18750.56,	273445.67,	'Pending',	'2026-03-11 20:25:32.909267',	'2026-03-11 20:25:32.909267'),
(1074,	45,	'2027-05-27',	57814.23,	39063.67,	18750.56,	234382.00,	'Pending',	'2026-03-11 20:25:32.909268',	'2026-03-11 20:25:32.909268'),
(1075,	45,	'2027-06-26',	57814.23,	39063.67,	18750.56,	195318.33,	'Pending',	'2026-03-11 20:25:32.909268',	'2026-03-11 20:25:32.909268'),
(1076,	45,	'2027-07-26',	57814.23,	39063.67,	18750.56,	156254.67,	'Pending',	'2026-03-11 20:25:32.909268',	'2026-03-11 20:25:32.909269'),
(1077,	45,	'2027-08-25',	57814.23,	39063.67,	18750.56,	117191.00,	'Pending',	'2026-03-11 20:25:32.909269',	'2026-03-11 20:25:32.909269'),
(1078,	45,	'2027-09-24',	57814.23,	39063.67,	18750.56,	78127.33,	'Pending',	'2026-03-11 20:25:32.909269',	'2026-03-11 20:25:32.909269'),
(1079,	45,	'2027-10-24',	57814.23,	39063.67,	18750.56,	39063.67,	'Pending',	'2026-03-11 20:25:32.909269',	'2026-03-11 20:25:32.90927'),
(1080,	45,	'2027-11-23',	57814.23,	39063.67,	18750.56,	0.00,	'Pending',	'2026-03-11 20:25:32.90927',	'2026-03-11 20:25:32.90927'),
(398,	16,	'2026-02-03',	30810.87,	20007.06,	10803.81,	680239.89,	'Paid',	'2026-03-11 20:00:16.928552',	'2026-03-11 20:25:32.930805'),
(565,	27,	'2026-01-11',	31104.10,	24685.79,	6418.31,	567773.21,	'Paid',	'2026-03-11 20:25:32.856293',	'2026-03-11 20:25:32.930806'),
(601,	29,	'2026-02-13',	20959.47,	16634.50,	4324.97,	382593.50,	'Paid',	'2026-03-11 20:25:32.862103',	'2026-03-11 20:25:32.930806'),
(673,	32,	'2025-11-13',	23043.81,	14677.58,	8366.22,	513715.42,	'Paid',	'2026-03-11 20:25:32.870654',	'2026-03-11 20:25:32.930806'),
(709,	33,	'2026-02-18',	16257.88,	11212.33,	5045.55,	392431.67,	'Paid',	'2026-03-11 20:25:32.87483',	'2026-03-11 20:25:32.930806'),
(745,	34,	'2026-01-03',	42739.16,	26711.97,	16027.18,	934919.03,	'Paid',	'2026-03-11 20:25:32.878046',	'2026-03-11 20:25:32.930806'),
(781,	35,	'2026-02-24',	11209.33,	8757.29,	2452.04,	201417.71,	'Paid',	'2026-03-11 20:25:32.881522',	'2026-03-11 20:25:32.930807'),
(841,	37,	'2025-09-17',	4365.94,	2835.03,	1530.92,	99225.97,	'Paid',	'2026-03-11 20:25:32.887687',	'2026-03-11 20:25:32.930807'),
(901,	39,	'2025-12-16',	14686.46,	12038.08,	2648.38,	276875.92,	'Paid',	'2026-03-11 20:25:32.893254',	'2026-03-11 20:25:32.930807'),
(949,	41,	'2026-02-07',	57491.78,	52265.25,	5226.53,	574917.75,	'Paid',	'2026-03-11 20:25:32.898051',	'2026-03-11 20:25:32.930807'),
(961,	42,	'2025-12-02',	32448.54,	23859.22,	8589.32,	835072.78,	'Paid',	'2026-03-11 20:25:32.900266',	'2026-03-11 20:25:32.930808'),
(997,	43,	'2025-12-30',	3562.01,	2358.94,	1203.06,	82563.06,	'Paid',	'2026-03-11 20:25:32.903711',	'2026-03-11 20:25:32.930808');

DROP TABLE IF EXISTS "fin_transactions";
DROP SEQUENCE IF EXISTS "public".fin_transactions_id_seq;
CREATE SEQUENCE "public".fin_transactions_id_seq INCREMENT 1 MINVALUE 1 MAXVALUE 2147483647 CACHE 1;

CREATE TABLE "public"."fin_transactions" (
    "id" integer DEFAULT nextval('fin_transactions_id_seq') NOT NULL,
    "loan_id" integer NOT NULL,
    "repayment_schedule_id" integer,
    "payment_mode" character varying(50) NOT NULL,
    "amount_paid" numeric(12,2) NOT NULL,
    "transaction_date" timestamp NOT NULL,
    "remarks" text,
    "proof_document" character varying(100),
    "created_at" timestamp NOT NULL,
    "transaction_type" character varying(50) NOT NULL,
    "description" text,
    "status" character varying(50) NOT NULL,
    "cheque_number" character varying(50),
    "bank_name" character varying(255),
    "cheque_date" date,
    "clearance_date" date,
    CONSTRAINT "fin_transactions_pkey" PRIMARY KEY ("id")
)
WITH (oids = false);

CREATE INDEX ix_fin_transactions_transaction_date ON public.fin_transactions USING btree (transaction_date);

CREATE INDEX ix_fin_transactions_repayment_schedule_id ON public.fin_transactions USING btree (repayment_schedule_id);

CREATE INDEX ix_fin_transactions_id ON public.fin_transactions USING btree (id);

CREATE INDEX ix_fin_transactions_loan_id ON public.fin_transactions USING btree (loan_id);

CREATE INDEX ix_fin_transactions_payment_mode ON public.fin_transactions USING btree (payment_mode);

CREATE INDEX ix_fin_transactions_status ON public.fin_transactions USING btree (status);

CREATE INDEX ix_fin_transactions_transaction_type ON public.fin_transactions USING btree (transaction_type);

INSERT INTO "fin_transactions" ("id", "loan_id", "repayment_schedule_id", "payment_mode", "amount_paid", "transaction_date", "remarks", "proof_document", "created_at", "transaction_type", "description", "status", "cheque_number", "bank_name", "cheque_date", "clearance_date") VALUES
(1,	16,	397,	'Cash',	30810.87,	'2026-02-16 20:00:16.950254',	'Seed data',	NULL,	'2026-03-11 20:00:16.963387',	'Cash',	'Automated seed payment for installment',	'Cleared',	NULL,	NULL,	NULL,	NULL),
(2,	6,	145,	'Cash',	16771.34,	'2026-02-26 20:00:16.950678',	'Seed data',	NULL,	'2026-03-11 20:00:16.963388',	'Cash',	'Automated seed payment for installment',	'Cleared',	NULL,	NULL,	NULL,	NULL),
(3,	9,	217,	'Cash',	26737.40,	'2026-02-27 20:00:16.951028',	'Seed data',	NULL,	'2026-03-11 20:00:16.963389',	'Cash',	'Automated seed payment for installment',	'Cleared',	NULL,	NULL,	NULL,	NULL),
(4,	10,	241,	'Cash',	62660.05,	'2026-02-14 20:00:16.951377',	'Seed data',	NULL,	'2026-03-11 20:00:16.963389',	'Cash',	'Automated seed payment for installment',	'Cleared',	NULL,	NULL,	NULL,	NULL),
(5,	1,	1,	'Cash',	14668.91,	'2026-02-13 20:00:16.951745',	'Seed data',	NULL,	'2026-03-11 20:00:16.963389',	'Cash',	'Automated seed payment for installment',	'Cleared',	NULL,	NULL,	NULL,	NULL),
(6,	17,	433,	'Cheque',	30420.01,	'2026-03-04 20:00:16.952095',	'Seed data',	NULL,	'2026-03-11 20:00:16.96339',	'Cheque',	'Automated seed payment for installment',	'Cleared',	'291713',	'AXIS',	'2026-03-04',	'2026-03-06'),
(7,	18,	469,	'Transfer',	26490.00,	'2026-03-05 20:00:16.952547',	'Seed data',	NULL,	'2026-03-11 20:00:16.96339',	'Transfer',	'Automated seed payment for installment',	'Cleared',	NULL,	NULL,	NULL,	NULL),
(8,	16,	397,	'Cash',	30810.87,	'2026-02-21 20:00:16.952975',	'Seed data',	NULL,	'2026-03-11 20:00:16.96339',	'Cash',	'Automated seed payment for installment',	'Cleared',	NULL,	NULL,	NULL,	NULL),
(9,	11,	253,	'Cash',	14925.93,	'2026-02-15 20:00:16.953316',	'Seed data',	NULL,	'2026-03-11 20:00:16.96339',	'Cash',	'Automated seed payment for installment',	'Cleared',	NULL,	NULL,	NULL,	NULL),
(10,	14,	349,	'Cheque',	91477.04,	'2026-02-16 20:00:16.95364',	'Seed data',	NULL,	'2026-03-11 20:00:16.96339',	'Cheque',	'Automated seed payment for installment',	'Cleared',	'353975',	'AXIS',	'2026-02-16',	'2026-02-18'),
(11,	10,	241,	'Cheque',	62660.05,	'2026-02-23 20:00:16.953964',	'Seed data',	NULL,	'2026-03-11 20:00:16.963391',	'Cheque',	'Automated seed payment for installment',	'Cleared',	'970501',	'AXIS',	'2026-02-23',	'2026-02-25'),
(12,	6,	145,	'Cheque',	16771.34,	'2026-02-25 20:00:16.954291',	'Seed data',	NULL,	'2026-03-11 20:00:16.963391',	'Cheque',	'Automated seed payment for installment',	'Cleared',	'160955',	'AXIS',	'2026-02-25',	'2026-02-27'),
(13,	8,	205,	'Transfer',	60384.67,	'2026-02-18 20:00:16.954607',	'Seed data',	NULL,	'2026-03-11 20:00:16.963391',	'Transfer',	'Automated seed payment for installment',	'Cleared',	NULL,	NULL,	NULL,	NULL),
(14,	7,	181,	'Cheque',	47751.31,	'2026-02-11 20:00:16.954939',	'Seed data',	NULL,	'2026-03-11 20:00:16.963391',	'Cheque',	'Automated seed payment for installment',	'Cleared',	'372296',	'HDFC',	'2026-02-11',	'2026-02-13'),
(15,	16,	397,	'Cash',	30810.87,	'2026-02-20 20:00:16.955258',	'Seed data',	NULL,	'2026-03-11 20:00:16.963391',	'Cash',	'Automated seed payment for installment',	'Cleared',	NULL,	NULL,	NULL,	NULL),
(16,	12,	289,	'Cheque',	42704.85,	'2026-02-18 20:00:16.955554',	'Seed data',	NULL,	'2026-03-11 20:00:16.963392',	'Cheque',	'Automated seed payment for installment',	'Cleared',	'884965',	'HDFC',	'2026-02-18',	'2026-02-20'),
(17,	2,	25,	'Cash',	17844.07,	'2026-02-20 20:00:16.955861',	'Seed data',	NULL,	'2026-03-11 20:00:16.963392',	'Cash',	'Automated seed payment for installment',	'Cleared',	NULL,	NULL,	NULL,	NULL),
(18,	5,	109,	'Cheque',	32912.22,	'2026-03-11 20:00:16.956154',	'Seed data',	NULL,	'2026-03-11 20:00:16.963392',	'Cheque',	'Automated seed payment for installment',	'Cleared',	'306193',	'ICICI',	'2026-03-11',	'2026-03-13'),
(19,	8,	205,	'Transfer',	60384.67,	'2026-03-10 20:00:16.956447',	'Seed data',	NULL,	'2026-03-11 20:00:16.963392',	'Transfer',	'Automated seed payment for installment',	'Cleared',	NULL,	NULL,	NULL,	NULL),
(20,	20,	517,	'Transfer',	18649.98,	'2026-02-23 20:00:16.956734',	'Seed data',	NULL,	'2026-03-11 20:00:16.963392',	'Transfer',	'Automated seed payment for installment',	'Cleared',	NULL,	NULL,	NULL,	NULL),
(21,	1,	1,	'Transfer',	14668.91,	'2026-03-04 20:00:16.957052',	'Seed data',	NULL,	'2026-03-11 20:00:16.963393',	'Transfer',	'Automated seed payment for installment',	'Cleared',	NULL,	NULL,	NULL,	NULL),
(22,	17,	433,	'Cash',	30420.01,	'2026-03-07 20:00:16.957339',	'Seed data',	NULL,	'2026-03-11 20:00:16.963393',	'Cash',	'Automated seed payment for installment',	'Cleared',	NULL,	NULL,	NULL,	NULL),
(23,	2,	25,	'Cash',	17844.07,	'2026-02-24 20:00:16.957624',	'Seed data',	NULL,	'2026-03-11 20:00:16.963393',	'Cash',	'Automated seed payment for installment',	'Cleared',	NULL,	NULL,	NULL,	NULL),
(24,	12,	289,	'Cash',	42704.85,	'2026-02-11 20:00:16.957918',	'Seed data',	NULL,	'2026-03-11 20:00:16.963393',	'Cash',	'Automated seed payment for installment',	'Cleared',	NULL,	NULL,	NULL,	NULL),
(25,	12,	289,	'Transfer',	42704.85,	'2026-02-27 20:00:16.958198',	'Seed data',	NULL,	'2026-03-11 20:00:16.963393',	'Transfer',	'Automated seed payment for installment',	'Cleared',	NULL,	NULL,	NULL,	NULL),
(26,	4,	73,	'Cheque',	36910.68,	'2026-02-14 20:00:16.958478',	'Seed data',	NULL,	'2026-03-11 20:00:16.963394',	'Cheque',	'Automated seed payment for installment',	'Cleared',	'603508',	'SBI',	'2026-02-14',	'2026-02-16'),
(27,	17,	433,	'Transfer',	30420.01,	'2026-02-13 20:00:16.95877',	'Seed data',	NULL,	'2026-03-11 20:00:16.963394',	'Transfer',	'Automated seed payment for installment',	'Cleared',	NULL,	NULL,	NULL,	NULL),
(28,	17,	433,	'Cheque',	30420.01,	'2026-02-15 20:00:16.959058',	'Seed data',	NULL,	'2026-03-11 20:00:16.963394',	'Cheque',	'Automated seed payment for installment',	'Cleared',	'940762',	'ICICI',	'2026-02-15',	'2026-02-17'),
(29,	10,	241,	'Transfer',	62660.05,	'2026-02-19 20:00:16.959339',	'Seed data',	NULL,	'2026-03-11 20:00:16.963394',	'Transfer',	'Automated seed payment for installment',	'Cleared',	NULL,	NULL,	NULL,	NULL),
(30,	15,	361,	'Cash',	17750.95,	'2026-02-22 20:00:16.959627',	'Seed data',	NULL,	'2026-03-11 20:00:16.963394',	'Cash',	'Automated seed payment for installment',	'Cleared',	NULL,	NULL,	NULL,	NULL),
(31,	34,	745,	'Transfer',	42739.16,	'2026-02-21 20:25:32.917338',	'Seed data',	NULL,	'2026-03-11 20:25:32.934978',	'Transfer',	'Automated seed payment for installment',	'Cleared',	NULL,	NULL,	NULL,	NULL),
(32,	17,	434,	'Cheque',	30420.01,	'2026-03-08 20:25:32.917867',	'Seed data',	NULL,	'2026-03-11 20:25:32.934979',	'Cheque',	'Automated seed payment for installment',	'Cleared',	'656079',	'HDFC',	'2026-03-08',	'2026-03-10'),
(33,	39,	901,	'Transfer',	14686.46,	'2026-02-21 20:25:32.918204',	'Seed data',	NULL,	'2026-03-11 20:25:32.934979',	'Transfer',	'Automated seed payment for installment',	'Cleared',	NULL,	NULL,	NULL,	NULL),
(34,	10,	242,	'Cash',	62660.05,	'2026-02-11 20:25:32.918549',	'Seed data',	NULL,	'2026-03-11 20:25:32.934979',	'Cash',	'Automated seed payment for installment',	'Cleared',	NULL,	NULL,	NULL,	NULL),
(35,	10,	242,	'Cheque',	62660.05,	'2026-03-02 20:25:32.918875',	'Seed data',	NULL,	'2026-03-11 20:25:32.93498',	'Cheque',	'Automated seed payment for installment',	'Cleared',	'317102',	'AXIS',	'2026-03-02',	'2026-03-04'),
(36,	15,	362,	'Cash',	17750.95,	'2026-02-11 20:25:32.919349',	'Seed data',	NULL,	'2026-03-11 20:25:32.93498',	'Cash',	'Automated seed payment for installment',	'Cleared',	NULL,	NULL,	NULL,	NULL),
(37,	6,	146,	'Cash',	16771.34,	'2026-02-10 20:25:32.920047',	'Seed data',	NULL,	'2026-03-11 20:25:32.93498',	'Cash',	'Automated seed payment for installment',	'Cleared',	NULL,	NULL,	NULL,	NULL),
(38,	4,	74,	'Cheque',	36910.68,	'2026-02-26 20:25:32.920673',	'Seed data',	NULL,	'2026-03-11 20:25:32.93498',	'Cheque',	'Automated seed payment for installment',	'Cleared',	'231022',	'HDFC',	'2026-02-26',	'2026-02-28'),
(39,	14,	350,	'Transfer',	91477.04,	'2026-02-15 20:25:32.921259',	'Seed data',	NULL,	'2026-03-11 20:25:32.934981',	'Transfer',	'Automated seed payment for installment',	'Cleared',	NULL,	NULL,	NULL,	NULL),
(40,	16,	398,	'Cheque',	30810.87,	'2026-02-13 20:25:32.921677',	'Seed data',	NULL,	'2026-03-11 20:25:32.934981',	'Cheque',	'Automated seed payment for installment',	'Cleared',	'660729',	'HDFC',	'2026-02-13',	'2026-02-15'),
(41,	8,	206,	'Cash',	60384.67,	'2026-02-14 20:25:32.92205',	'Seed data',	NULL,	'2026-03-11 20:25:32.934981',	'Cash',	'Automated seed payment for installment',	'Cleared',	NULL,	NULL,	NULL,	NULL),
(42,	43,	997,	'Cash',	3562.01,	'2026-02-11 20:25:32.922508',	'Seed data',	NULL,	'2026-03-11 20:25:32.934981',	'Cash',	'Automated seed payment for installment',	'Cleared',	NULL,	NULL,	NULL,	NULL),
(43,	27,	565,	'Cheque',	31104.10,	'2026-03-03 20:25:32.922918',	'Seed data',	NULL,	'2026-03-11 20:25:32.934981',	'Cheque',	'Automated seed payment for installment',	'Cleared',	'341256',	'HDFC',	'2026-03-03',	'2026-03-05'),
(44,	42,	961,	'Cheque',	32448.54,	'2026-02-28 20:25:32.923292',	'Seed data',	NULL,	'2026-03-11 20:25:32.934982',	'Cheque',	'Automated seed payment for installment',	'Cleared',	'411147',	'AXIS',	'2026-02-28',	'2026-03-02'),
(45,	13,	313,	'Transfer',	8863.25,	'2026-02-28 20:25:32.923725',	'Seed data',	NULL,	'2026-03-11 20:25:32.934982',	'Transfer',	'Automated seed payment for installment',	'Cleared',	NULL,	NULL,	NULL,	NULL),
(46,	14,	350,	'Cheque',	91477.04,	'2026-02-24 20:25:32.924251',	'Seed data',	NULL,	'2026-03-11 20:25:32.934982',	'Cheque',	'Automated seed payment for installment',	'Cleared',	'191010',	'AXIS',	'2026-02-24',	'2026-02-26'),
(47,	35,	781,	'Transfer',	11209.33,	'2026-02-11 20:25:32.924675',	'Seed data',	NULL,	'2026-03-11 20:25:32.934982',	'Transfer',	'Automated seed payment for installment',	'Cleared',	NULL,	NULL,	NULL,	NULL),
(48,	37,	841,	'Transfer',	4365.94,	'2026-02-21 20:25:32.925219',	'Seed data',	NULL,	'2026-03-11 20:25:32.934982',	'Transfer',	'Automated seed payment for installment',	'Cleared',	NULL,	NULL,	NULL,	NULL),
(49,	29,	601,	'Transfer',	20959.47,	'2026-02-26 20:25:32.925584',	'Seed data',	NULL,	'2026-03-11 20:25:32.934982',	'Transfer',	'Automated seed payment for installment',	'Cleared',	NULL,	NULL,	NULL,	NULL),
(50,	5,	110,	'Transfer',	32912.22,	'2026-02-14 20:25:32.925947',	'Seed data',	NULL,	'2026-03-11 20:25:32.934983',	'Transfer',	'Automated seed payment for installment',	'Cleared',	NULL,	NULL,	NULL,	NULL),
(51,	33,	709,	'Cash',	16257.88,	'2026-02-21 20:25:32.926276',	'Seed data',	NULL,	'2026-03-11 20:25:32.934983',	'Cash',	'Automated seed payment for installment',	'Cleared',	NULL,	NULL,	NULL,	NULL),
(52,	41,	949,	'Transfer',	57491.78,	'2026-02-27 20:25:32.926602',	'Seed data',	NULL,	'2026-03-11 20:25:32.934983',	'Transfer',	'Automated seed payment for installment',	'Cleared',	NULL,	NULL,	NULL,	NULL),
(53,	15,	362,	'Transfer',	17750.95,	'2026-03-06 20:25:32.926955',	'Seed data',	NULL,	'2026-03-11 20:25:32.934983',	'Transfer',	'Automated seed payment for installment',	'Cleared',	NULL,	NULL,	NULL,	NULL),
(54,	6,	146,	'Cash',	16771.34,	'2026-03-07 20:25:32.927296',	'Seed data',	NULL,	'2026-03-11 20:25:32.934983',	'Cash',	'Automated seed payment for installment',	'Cleared',	NULL,	NULL,	NULL,	NULL),
(55,	9,	218,	'Transfer',	26737.40,	'2026-03-01 20:25:32.927674',	'Seed data',	NULL,	'2026-03-11 20:25:32.934984',	'Transfer',	'Automated seed payment for installment',	'Cleared',	NULL,	NULL,	NULL,	NULL),
(56,	32,	673,	'Transfer',	23043.81,	'2026-02-17 20:25:32.927982',	'Seed data',	NULL,	'2026-03-11 20:25:32.934984',	'Transfer',	'Automated seed payment for installment',	'Cleared',	NULL,	NULL,	NULL,	NULL),
(57,	14,	350,	'Transfer',	91477.04,	'2026-02-19 20:25:32.928297',	'Seed data',	NULL,	'2026-03-11 20:25:32.934984',	'Transfer',	'Automated seed payment for installment',	'Cleared',	NULL,	NULL,	NULL,	NULL),
(58,	15,	362,	'Transfer',	17750.95,	'2026-02-11 20:25:32.928791',	'Seed data',	NULL,	'2026-03-11 20:25:32.934984',	'Transfer',	'Automated seed payment for installment',	'Cleared',	NULL,	NULL,	NULL,	NULL),
(59,	6,	146,	'Cash',	16771.34,	'2026-02-25 20:25:32.92931',	'Seed data',	NULL,	'2026-03-11 20:25:32.934984',	'Cash',	'Automated seed payment for installment',	'Cleared',	NULL,	NULL,	NULL,	NULL),
(60,	11,	254,	'Cheque',	14925.93,	'2026-02-09 20:25:32.929857',	'Seed data',	NULL,	'2026-03-11 20:25:32.934985',	'Cheque',	'Automated seed payment for installment',	'Cleared',	'908194',	'HDFC',	'2026-02-09',	'2026-02-11');

DROP TABLE IF EXISTS "sys_audit_logs";
DROP SEQUENCE IF EXISTS "public".sys_audit_logs_id_seq;
CREATE SEQUENCE "public".sys_audit_logs_id_seq INCREMENT 1 MINVALUE 1 MAXVALUE 2147483647 CACHE 1;

CREATE TABLE "public"."sys_audit_logs" (
    "id" integer DEFAULT nextval('sys_audit_logs_id_seq') NOT NULL,
    "user_id" integer,
    "action" character varying(100) NOT NULL,
    "entity_type" character varying(50),
    "entity_id" character varying(50),
    "details" text,
    "ip_address" character varying(45),
    "created_at" timestamp NOT NULL,
    CONSTRAINT "sys_audit_logs_pkey" PRIMARY KEY ("id")
)
WITH (oids = false);

CREATE INDEX ix_sys_audit_logs_id ON public.sys_audit_logs USING btree (id);

CREATE INDEX ix_sys_audit_logs_action ON public.sys_audit_logs USING btree (action);


DROP TABLE IF EXISTS "sys_general_settings";
DROP SEQUENCE IF EXISTS "public".sys_general_settings_id_seq;
CREATE SEQUENCE "public".sys_general_settings_id_seq INCREMENT 1 MINVALUE 1 MAXVALUE 2147483647 CACHE 1;

CREATE TABLE "public"."sys_general_settings" (
    "id" integer DEFAULT nextval('sys_general_settings_id_seq') NOT NULL,
    "system_name" character varying(255) NOT NULL,
    "company_name" character varying(255) NOT NULL,
    "support_email" character varying(254) NOT NULL,
    "default_currency" character varying(50) NOT NULL,
    "updated_at" timestamp NOT NULL,
    CONSTRAINT "sys_general_settings_pkey" PRIMARY KEY ("id")
)
WITH (oids = false);

CREATE INDEX ix_sys_general_settings_id ON public.sys_general_settings USING btree (id);

INSERT INTO "sys_general_settings" ("id", "system_name", "company_name", "support_email", "default_currency", "updated_at") VALUES
(1,	'Finance Admin System',	'Finance Solutions Inc.',	'support@financeapp.com',	'Indian',	'2026-03-11 19:21:52.792396');

DROP TABLE IF EXISTS "sys_loan_settings";
DROP SEQUENCE IF EXISTS "public".sys_loan_settings_id_seq;
CREATE SEQUENCE "public".sys_loan_settings_id_seq INCREMENT 1 MINVALUE 1 MAXVALUE 2147483647 CACHE 1;

CREATE TABLE "public"."sys_loan_settings" (
    "id" integer DEFAULT nextval('sys_loan_settings_id_seq') NOT NULL,
    "min_loan_amount" numeric(12,2) NOT NULL,
    "max_loan_amount" numeric(12,2) NOT NULL,
    "default_interest_rate" numeric(5,2) NOT NULL,
    "max_loan_tenure_months" integer NOT NULL,
    "processing_fee_percentage" numeric(5,2) NOT NULL,
    "updated_at" timestamp NOT NULL,
    CONSTRAINT "sys_loan_settings_pkey" PRIMARY KEY ("id")
)
WITH (oids = false);

CREATE INDEX ix_sys_loan_settings_id ON public.sys_loan_settings USING btree (id);

INSERT INTO "sys_loan_settings" ("id", "min_loan_amount", "max_loan_amount", "default_interest_rate", "max_loan_tenure_months", "processing_fee_percentage", "updated_at") VALUES
(1,	50000.00,	10000000.00,	12.50,	60,	1.00,	'2026-03-11 19:21:52.792396');

DROP TABLE IF EXISTS "sys_notification_settings";
DROP SEQUENCE IF EXISTS "public".sys_notification_settings_id_seq;
CREATE SEQUENCE "public".sys_notification_settings_id_seq INCREMENT 1 MINVALUE 1 MAXVALUE 2147483647 CACHE 1;

CREATE TABLE "public"."sys_notification_settings" (
    "id" integer DEFAULT nextval('sys_notification_settings_id_seq') NOT NULL,
    "email_notifications" boolean NOT NULL,
    "overdue_payment_alerts" boolean NOT NULL,
    "new_loan_application_alerts" boolean NOT NULL,
    "updated_at" timestamp NOT NULL,
    CONSTRAINT "sys_notification_settings_pkey" PRIMARY KEY ("id")
)
WITH (oids = false);

CREATE INDEX ix_sys_notification_settings_id ON public.sys_notification_settings USING btree (id);

INSERT INTO "sys_notification_settings" ("id", "email_notifications", "overdue_payment_alerts", "new_loan_application_alerts", "updated_at") VALUES
(1,	'1',	'1',	'1',	'2026-03-11 19:21:52.792396');

DROP TABLE IF EXISTS "sys_notifications";
DROP SEQUENCE IF EXISTS "public".sys_notifications_id_seq;
CREATE SEQUENCE "public".sys_notifications_id_seq INCREMENT 1 MINVALUE 1 MAXVALUE 2147483647 CACHE 1;

CREATE TABLE "public"."sys_notifications" (
    "id" integer DEFAULT nextval('sys_notifications_id_seq') NOT NULL,
    "user_id" integer NOT NULL,
    "type" character varying(50) NOT NULL,
    "title" character varying(255) NOT NULL,
    "message" text NOT NULL,
    "link" character varying(512),
    "is_read" boolean NOT NULL,
    "created_at" timestamp NOT NULL,
    CONSTRAINT "sys_notifications_pkey" PRIMARY KEY ("id")
)
WITH (oids = false);

CREATE INDEX ix_sys_notifications_user_id ON public.sys_notifications USING btree (user_id);

CREATE INDEX ix_sys_notifications_is_read ON public.sys_notifications USING btree (is_read);

CREATE INDEX ix_sys_notifications_type ON public.sys_notifications USING btree (type);

CREATE INDEX ix_sys_notifications_id ON public.sys_notifications USING btree (id);

CREATE INDEX ix_sys_notifications_created_at ON public.sys_notifications USING btree (created_at);

INSERT INTO "sys_notifications" ("id", "user_id", "type", "title", "message", "link", "is_read", "created_at") VALUES
(1,	1,	'cheque_bounce',	'Cheque Bounced',	'Test Cheque for Loan #LN-2032 has been rejected by bank.',	'/loans/detail/LN-2032',	'0',	'2026-03-11 20:44:40.282166');

DROP TABLE IF EXISTS "sys_role_permissions";
DROP SEQUENCE IF EXISTS "public".sys_role_permissions_id_seq;
CREATE SEQUENCE "public".sys_role_permissions_id_seq INCREMENT 1 MINVALUE 1 MAXVALUE 2147483647 CACHE 1;

CREATE TABLE "public"."sys_role_permissions" (
    "id" integer DEFAULT nextval('sys_role_permissions_id_seq') NOT NULL,
    "role" character varying(50) NOT NULL,
    "module" character varying(100) NOT NULL,
    "access_level" character varying(50) NOT NULL,
    "can_create_edit" boolean NOT NULL,
    "updated_at" timestamp NOT NULL,
    CONSTRAINT "sys_role_permissions_pkey" PRIMARY KEY ("id")
)
WITH (oids = false);

CREATE UNIQUE INDEX uq_role_module ON public.sys_role_permissions USING btree (role, module);

CREATE INDEX ix_sys_role_permissions_id ON public.sys_role_permissions USING btree (id);

CREATE INDEX ix_sys_role_permissions_role ON public.sys_role_permissions USING btree (role);

CREATE INDEX ix_sys_role_permissions_module ON public.sys_role_permissions USING btree (module);

INSERT INTO "sys_role_permissions" ("id", "role", "module", "access_level", "can_create_edit", "updated_at") VALUES
(1,	'staff',	'users_management',	'none',	'0',	'2026-03-11 19:21:52.792396'),
(2,	'staff',	'client_management',	'create_edit_draft',	'1',	'2026-03-11 19:21:52.792396'),
(3,	'staff',	'loan_management',	'view',	'1',	'2026-03-11 19:21:52.792396'),
(4,	'staff',	'emi_payment',	'view',	'1',	'2026-03-11 19:21:52.792396'),
(5,	'staff',	'report',	'limited',	'1',	'2026-03-11 19:21:52.792396'),
(6,	'staff',	'audit',	'none',	'0',	'2026-03-11 19:21:52.792396'),
(7,	'staff',	'bank_transaction',	'none',	'0',	'2026-03-11 19:21:52.792396');

ALTER TABLE ONLY "public"."core_businesses" ADD CONSTRAINT "core_businesses_client_id_fkey" FOREIGN KEY (client_id) REFERENCES core_clients(id) ON DELETE CASCADE;

ALTER TABLE ONLY "public"."core_client_kyc" ADD CONSTRAINT "core_client_kyc_client_id_fkey" FOREIGN KEY (client_id) REFERENCES core_clients(id) ON DELETE CASCADE;

ALTER TABLE ONLY "public"."core_clients" ADD CONSTRAINT "core_clients_created_by_id_fkey" FOREIGN KEY (created_by_id) REFERENCES core_users(id) ON DELETE RESTRICT;
ALTER TABLE ONLY "public"."core_clients" ADD CONSTRAINT "core_clients_user_id_fkey" FOREIGN KEY (user_id) REFERENCES core_users(id) ON DELETE SET NULL;

ALTER TABLE ONLY "public"."core_password_resets" ADD CONSTRAINT "core_password_resets_user_id_fkey" FOREIGN KEY (user_id) REFERENCES core_users(id) ON DELETE CASCADE;

ALTER TABLE ONLY "public"."core_user_sessions" ADD CONSTRAINT "core_user_sessions_user_id_fkey" FOREIGN KEY (user_id) REFERENCES core_users(id) ON DELETE CASCADE;

ALTER TABLE ONLY "public"."fin_loan_application_documents" ADD CONSTRAINT "fin_loan_application_documents_loan_application_id_fkey" FOREIGN KEY (loan_application_id) REFERENCES fin_loan_applications(id) ON DELETE CASCADE;

ALTER TABLE ONLY "public"."fin_loan_applications" ADD CONSTRAINT "fin_loan_applications_client_id_fkey" FOREIGN KEY (client_id) REFERENCES core_clients(id) ON DELETE RESTRICT;

ALTER TABLE ONLY "public"."fin_loans" ADD CONSTRAINT "fin_loans_client_id_fkey" FOREIGN KEY (client_id) REFERENCES core_clients(id) ON DELETE RESTRICT;

ALTER TABLE ONLY "public"."fin_repayment_schedules" ADD CONSTRAINT "fin_repayment_schedules_loan_id_fkey" FOREIGN KEY (loan_id) REFERENCES fin_loans(id) ON DELETE CASCADE;

ALTER TABLE ONLY "public"."fin_transactions" ADD CONSTRAINT "fin_transactions_loan_id_fkey" FOREIGN KEY (loan_id) REFERENCES fin_loans(id) ON DELETE CASCADE;
ALTER TABLE ONLY "public"."fin_transactions" ADD CONSTRAINT "fin_transactions_repayment_schedule_id_fkey" FOREIGN KEY (repayment_schedule_id) REFERENCES fin_repayment_schedules(id) ON DELETE SET NULL;

ALTER TABLE ONLY "public"."sys_audit_logs" ADD CONSTRAINT "sys_audit_logs_user_id_fkey" FOREIGN KEY (user_id) REFERENCES core_users(id) ON DELETE SET NULL;

ALTER TABLE ONLY "public"."sys_notifications" ADD CONSTRAINT "sys_notifications_user_id_fkey" FOREIGN KEY (user_id) REFERENCES core_users(id) ON DELETE CASCADE;

-- 2026-03-19 03:27:34 UTC
